ID,English,French,MSA,POS,EasyCODA,EasyRegion,EasyEasinessScore,MediumCODA,MediumRegion,MediumEasinessScore,HardCODA,HardRegion,HardEasinessScore
2,hotel,hôtel,فُنْدُق,NOUN,فندق,"Syria+Lebanon+Jordan+Palestine, Egypt+Sudan, Iraq, Tunisia+Libya, Qatar+Saudi+Oman+Yemen, Morocco+Algeria",1300,لوكندة,"Egypt+Sudan, Qatar+Saudi+Oman+Yemen",100,لكوندة,Egypt+Sudan,50
3,train,train,قِطار,NOUN,قطار,"Syria+Lebanon+Jordan+Palestine, Iraq, Tunisia+Libya, Qatar+Saudi+Oman+Yemen, Morocco+Algeria",1300,وابور,Egypt+Sudan,150,ريل,Iraq,50
4,restaurant,restaurant,مَطْعَم,NOUN,مطعم,"Syria+Lebanon+Jordan+Palestine, Egypt+Sudan, Iraq, Tunisia+Libya, Qatar+Saudi+Oman+Yemen, Morocco+Algeria",1300,ريستوران,Morocco+Algeria,150,ريستو,Morocco+Algeria,50
9,insurance,assurance,تَأْمِين,NOUN,تأمين,"Syria+Lebanon+Jordan+Palestine, Egypt+Sudan, Iraq, Tunisia+Libya, Qatar+Saudi+Oman+Yemen, Morocco+Algeria",1250,اسيرونس,Tunisia+Libya,150,بوليصة,Egypt+Sudan,50
11,red,rouge,أَحْمَر,ADJ,احمر,"Syria+Lebanon+Jordan+Palestine, Morocco+Algeria, Egypt+Sudan, Iraq, Qatar+Saudi+Oman+Yemen, Tunisia+Libya",1300,نبيتي,Syria+Lebanon+Jordan+Palestine,100,نبيدي,Syria+Lebanon+Jordan+Palestine,0
12,possible,possible,مُمْكِن,ADJ,ممكن,"Syria+Lebanon+Jordan+Palestine, Egypt+Sudan, Iraq, Tunisia+Libya, Qatar+Saudi+Oman+Yemen, Morocco+Algeria",1300,بيصير,Syria+Lebanon+Jordan+Palestine,150,اسكه,Qatar+Saudi+Oman+Yemen,50
13,museum,musée,مَتْحَف,NOUN,متحف,"Syria+Lebanon+Jordan+Palestine, Morocco+Algeria, Egypt+Sudan, Iraq, Tunisia+Libya, Qatar+Saudi+Oman+Yemen",1300,ميوزيه,Morocco+Algeria,100,انتيكخانة,Egypt+Sudan,0
18,hospital,hôpital,مُسْتَشْفَى,NOUN,مستشفى,"Syria+Lebanon+Jordan+Palestine, Egypt+Sudan, Iraq, Tunisia+Libya, Qatar+Saudi+Oman+Yemen",1250,سبيطار,"Morocco+Algeria, Tunisia+Libya",150,دختر,Qatar+Saudi+Oman+Yemen,50
19,watch,montre,ساعَة,NOUN,ساعة,"Syria+Lebanon+Jordan+Palestine, Morocco+Algeria, Egypt+Sudan, Iraq, Tunisia+Libya, Qatar+Saudi+Oman+Yemen",1250,مكانة,Morocco+Algeria,150,منقالة,Tunisia+Libya,0
24,fruit,fruit,فاكِهَة,NOUN,فاكهة,"Egypt+Sudan, Iraq, Tunisia+Libya, Syria+Lebanon+Jordan+Palestine, Qatar+Saudi+Oman+Yemen",1250,ثمر,"Syria+Lebanon+Jordan+Palestine, Egypt+Sudan, Qatar+Saudi+Oman+Yemen",150,ديسار,Tunisia+Libya,50
28,cold,froid,بارِد,ADJ,بارد,"Syria+Lebanon+Jordan+Palestine, Morocco+Algeria, Egypt+Sudan, Iraq, Qatar+Saudi+Oman+Yemen, Tunisia+Libya",1300,ساقع,"Syria+Lebanon+Jordan+Palestine, Egypt+Sudan",150,صاقط,Egypt+Sudan,50
29,music,musique,مُوسِيقَى,NOUN,موسيقى,"Syria+Lebanon+Jordan+Palestine, Morocco+Algeria, Egypt+Sudan, Iraq, Tunisia+Libya, Qatar+Saudi+Oman+Yemen",1250,مزيكة,Egypt+Sudan,150,لاموزيك,Morocco+Algeria,0
30,blanket,couverture,بَطّانِيَّة,NOUN,بطانية,"Syria+Lebanon+Jordan+Palestine, Egypt+Sudan, Iraq, Tunisia+Libya, Morocco+Algeria, Qatar+Saudi+Oman+Yemen",1250,ملاية,Morocco+Algeria,150,برنوص,Qatar+Saudi+Oman+Yemen,50
31,beach,plage,شاطِئ,NOUN,شاطئ,"Syria+Lebanon+Jordan+Palestine, Egypt+Sudan, Iraq, Qatar+Saudi+Oman+Yemen",1300,كورنيش,Qatar+Saudi+Oman+Yemen,100,ساحل,Qatar+Saudi+Oman+Yemen,50
34,market,marché,سُوق,NOUN,سوق,"Syria+Lebanon+Jordan+Palestine, Morocco+Algeria, Egypt+Sudan, Iraq, Tunisia+Libya, Qatar+Saudi+Oman+Yemen",1300,سوبر ماركت,Qatar+Saudi+Oman+Yemen,100,عرصة,Qatar+Saudi+Oman+Yemen,50
36,meeting,réunion,ٱِجْتِماع,NOUN,اجتماع,"Syria+Lebanon+Jordan+Palestine, Morocco+Algeria, Egypt+Sudan, Iraq, Qatar+Saudi+Oman+Yemen, Tunisia+Libya",300,ملتقى,Tunisia+Libya,150,جتماع,Morocco+Algeria,50
38,green,vert,أَخْضَر,ADJ,اخضر,"Syria+Lebanon+Jordan+Palestine, Egypt+Sudan, Iraq, Qatar+Saudi+Oman+Yemen, Tunisia+Libya",1300,مخضر,Egypt+Sudan,100,زيتوني,Syria+Lebanon+Jordan+Palestine,50
45,delicious,délicieux,لَذِيذ,ADJ,لذيذ,"Egypt+Sudan, Syria+Lebanon+Jordan+Palestine, Qatar+Saudi+Oman+Yemen, Morocco+Algeria",1300,بنين,"Morocco+Algeria, Tunisia+Libya",150,بيشهي,Syria+Lebanon+Jordan+Palestine,50
46,main,principal,رَئِيسِيّ,ADJ,رئيسي,"Syria+Lebanon+Jordan+Palestine, Egypt+Sudan, Iraq, Tunisia+Libya, Morocco+Algeria, Qatar+Saudi+Oman+Yemen",1300,عمومي,Egypt+Sudan,150,جوهري,Syria+Lebanon+Jordan+Palestine,50
49,tip,pourboire,بَقْشِيش,NOUN,بقشيش,"Morocco+Algeria, Egypt+Sudan, Syria+Lebanon+Jordan+Palestine, Tunisia+Libya, Qatar+Saudi+Oman+Yemen",1250,بخشيش,"Syria+Lebanon+Jordan+Palestine, Iraq, Qatar+Saudi+Oman+Yemen",150,تضويرة,Morocco+Algeria,0
50,pair,paire,زَوْج,NOUN,زوج,"Syria+Lebanon+Jordan+Palestine, Iraq, Morocco+Algeria, Qatar+Saudi+Oman+Yemen",1300,جزمة,Morocco+Algeria,150,اثنيناتهم,Qatar+Saudi+Oman+Yemen,50
51,fork,fourchette,شَوْكَة,NOUN,شوكة,"Syria+Lebanon+Jordan+Palestine, Egypt+Sudan, Iraq, Tunisia+Libya, Qatar+Saudi+Oman+Yemen, Morocco+Algeria",1250,فرشيطة,"Morocco+Algeria, Tunisia+Libya",150,جطل,Iraq,50
54,perfume,parfum,عِطْر,NOUN,عطر,"Syria+Lebanon+Jordan+Palestine, Egypt+Sudan, Iraq, Qatar+Saudi+Oman+Yemen, Tunisia+Libya",1300,بنة,Tunisia+Libya,150,كلونية,Tunisia+Libya,50
55,pepper,poivre,فِلْفِل,NOUN,فلفل,"Syria+Lebanon+Jordan+Palestine, Morocco+Algeria, Egypt+Sudan, Iraq, Qatar+Saudi+Oman+Yemen",1250,شطة,Egypt+Sudan,150,ابزار,Morocco+Algeria,50
56,prefer,préférer,فَضَّل,VERB,فضل,"Syria+Lebanon+Jordan+Palestine, Egypt+Sudan, Iraq, Tunisia+Libya, Qatar+Saudi+Oman+Yemen, Morocco+Algeria",1300,استخار,Qatar+Saudi+Oman+Yemen,150,حبز,Egypt+Sudan,0
61,wake,réveiller,أَيْقَظ,VERB,وقظ,Qatar+Saudi+Oman+Yemen,1050,نوض,"Morocco+Algeria, Tunisia+Libya",150,نهض,Qatar+Saudi+Oman+Yemen,50
62,express,express,سَرِيع,ADJ,سريع,"Syria+Lebanon+Jordan+Palestine, Egypt+Sudan, Iraq, Tunisia+Libya, Qatar+Saudi+Oman+Yemen",1300,داوي,Qatar+Saudi+Oman+Yemen,150,رابيد,Morocco+Algeria,50
63,souvenir,souvenir,تَذْكار,NOUN,تذكار,"Syria+Lebanon+Jordan+Palestine, Egypt+Sudan, Iraq, Morocco+Algeria, Qatar+Saudi+Oman+Yemen, Tunisia+Libya",1250,ذكرى,Syria+Lebanon+Jordan+Palestine,150,تحفة قديمة,Tunisia+Libya,50
68,zoo,zoo,حَدِيقَة ال+ حَيَوانات,NOUN,حديقة الحيوان,"Syria+Lebanon+Jordan+Palestine, Egypt+Sudan, Iraq, Qatar+Saudi+Oman+Yemen, Morocco+Algeria",300,جنينة الحيوان,Egypt+Sudan,100,بوسكو,Tunisia+Libya,50
70,language,langue,لُغَة,NOUN,لغة,"Syria+Lebanon+Jordan+Palestine, Morocco+Algeria, Egypt+Sudan, Iraq, Tunisia+Libya, Qatar+Saudi+Oman+Yemen",1250,لهجة,"Qatar+Saudi+Oman+Yemen, Tunisia+Libya",150,هرجة,Qatar+Saudi+Oman+Yemen,50
73,tomato,tomate,طَماطِم,NOUN,طماطم,"Egypt+Sudan, Tunisia+Libya, Qatar+Saudi+Oman+Yemen",1200,طماطة,Iraq,150,بندورة,Syria+Lebanon+Jordan+Palestine,50
74,blouse,chemisier,بلُوزة,NOUN,بلوزة,"Syria+Lebanon+Jordan+Palestine, Egypt+Sudan, Tunisia+Libya, Morocco+Algeria, Qatar+Saudi+Oman+Yemen",1350,سورية,Tunisia+Libya,150,قميجة,Morocco+Algeria,50
76,garden,jardin,حَدِيقَة,NOUN,حديقة,"Syria+Lebanon+Jordan+Palestine, Iraq, Tunisia+Libya, Qatar+Saudi+Oman+Yemen, Morocco+Algeria, Egypt+Sudan",1250,منتزه,"Syria+Lebanon+Jordan+Palestine, Qatar+Saudi+Oman+Yemen",150,نجيلة,Egypt+Sudan,50
77,immigration,immigration,هِجْرَة,NOUN,هجرة,"Syria+Lebanon+Jordan+Palestine, Morocco+Algeria, Egypt+Sudan, Iraq, Tunisia+Libya, Qatar+Saudi+Oman+Yemen",1250,اغتراب,Egypt+Sudan,150,ليمجراسيون,Morocco+Algeria,0
78,temperature,température,حَرارَة,NOUN,حرارة,"Syria+Lebanon+Jordan+Palestine, Morocco+Algeria, Egypt+Sudan, Iraq, Tunisia+Libya, Qatar+Saudi+Oman+Yemen",1250,درجة الحرارة,"Qatar+Saudi+Oman+Yemen, Egypt+Sudan",150,طومبيرتور,Morocco+Algeria,0
79,sick,malade,مَرِيض,ADJ,مريض,"Syria+Lebanon+Jordan+Palestine, Morocco+Algeria, Egypt+Sudan, Iraq, Tunisia+Libya, Qatar+Saudi+Oman+Yemen",1300,عليل,"Morocco+Algeria, Qatar+Saudi+Oman+Yemen",150,اتمرض,Iraq,50
81,passport,passeport,جَواز سَفَر,NOUN,جواز سفر,"Syria+Lebanon+Jordan+Palestine, Iraq, Tunisia+Libya, Qatar+Saudi+Oman+Yemen",1300,بسبور,Qatar+Saudi+Oman+Yemen,150,باسبورت,Syria+Lebanon+Jordan+Palestine,50
83,color,couleur,لَوْن,NOUN,لون,"Syria+Lebanon+Jordan+Palestine, Morocco+Algeria, Egypt+Sudan, Iraq, Tunisia+Libya, Qatar+Saudi+Oman+Yemen",1300,صبغة,"Egypt+Sudan, Syria+Lebanon+Jordan+Palestine",150,صبيغة,Qatar+Saudi+Oman+Yemen,50
84,why,pourquoi,لِماذا,ADV,ليش,"Syria+Lebanon+Jordan+Palestine, Iraq, Tunisia+Libya, Qatar+Saudi+Oman+Yemen",300,لواش,Tunisia+Libya,150,حموه,Qatar+Saudi+Oman+Yemen,50
85,tax,taxe,ضَرِيبَة,NOUN,ضريبة,"Syria+Lebanon+Jordan+Palestine, Egypt+Sudan, Iraq, Tunisia+Libya, Qatar+Saudi+Oman+Yemen, Morocco+Algeria",1250,جباية,Iraq,150,مكس,Tunisia+Libya,50
89,reservation,réservation,حَجْز,NOUN,حجز,"Syria+Lebanon+Jordan+Palestine, Egypt+Sudan, Iraq, Tunisia+Libya, Qatar+Saudi+Oman+Yemen, Morocco+Algeria",1300,رزرفاسيون,Morocco+Algeria,100,ريسيرفاسيون,Tunisia+Libya,0
92,help,aider,ساعَد,VERB,ساعد,"Syria+Lebanon+Jordan+Palestine, Egypt+Sudan, Iraq, Tunisia+Libya, Qatar+Saudi+Oman+Yemen",1300,ساند,"Syria+Lebanon+Jordan+Palestine, Egypt+Sudan, Qatar+Saudi+Oman+Yemen",150,اغاث,Qatar+Saudi+Oman+Yemen,50
93,shoe,chaussure,حِذاء,NOUN,حذا,"Syria+Lebanon+Jordan+Palestine, Qatar+Saudi+Oman+Yemen",1200,صباط,"Syria+Lebanon+Jordan+Palestine, Morocco+Algeria, Tunisia+Libya",150,سباط,Morocco+Algeria,50
95,credit,crédit,ٱِئْتِمان,NOUN,ائتمان,"Syria+Lebanon+Jordan+Palestine, Egypt+Sudan, Iraq, Qatar+Saudi+Oman+Yemen",250,قرض,Syria+Lebanon+Jordan+Palestine,150,بطاقة ائتمان,Tunisia+Libya,50
96,thanks,merci,شُكْراً,NOUN,شكرا,"Syria+Lebanon+Jordan+Palestine, Egypt+Sudan, Iraq, Tunisia+Libya, Qatar+Saudi+Oman+Yemen, Morocco+Algeria",1300,يعيشك,"Morocco+Algeria, Tunisia+Libya",150,متشكر,Egypt+Sudan,50
98,cigarette,cigarette,سِيجارَة,NOUN,سيجارة,"Syria+Lebanon+Jordan+Palestine, Egypt+Sudan, Qatar+Saudi+Oman+Yemen",1200,شكارة,Qatar+Saudi+Oman+Yemen,150,زقارة,Qatar+Saudi+Oman+Yemen,50
99,here,ici,هُنا,ADV,هنا,"Morocco+Algeria, Egypt+Sudan, Iraq, Tunisia+Libya, Qatar+Saudi+Oman+Yemen",1300,هنانا,Iraq,150,لهنا,Tunisia+Libya,50
100,tie,cravate,رَبْطَة عُنْق,NOUN,كرافات,"Syria+Lebanon+Jordan+Palestine, Morocco+Algeria, Tunisia+Libya",300,ربطة,"Syria+Lebanon+Jordan+Palestine, Iraq",150,كرافة,Syria+Lebanon+Jordan+Palestine,50
104,headache,mal de tête,صُداع,NOUN,صداع,"Syria+Lebanon+Jordan+Palestine, Egypt+Sudan, Iraq, Tunisia+Libya, Qatar+Saudi+Oman+Yemen",1300,شقيقة,Morocco+Algeria,150,مصدع,Qatar+Saudi+Oman+Yemen,50
107,where,où,أَيْنَ,ADV,وين,"Syria+Lebanon+Jordan+Palestine, Morocco+Algeria, Iraq, Tunisia+Libya, Qatar+Saudi+Oman+Yemen, Egypt+Sudan",1300,على هين,Qatar+Saudi+Oman+Yemen,100,فينه,Qatar+Saudi+Oman+Yemen,50
108,car,voiture,سَيّارَة,NOUN,سيارة,"Syria+Lebanon+Jordan+Palestine, Iraq, Tunisia+Libya, Qatar+Saudi+Oman+Yemen",1250,موتر,Qatar+Saudi+Oman+Yemen,150,طوموبيل,Morocco+Algeria,50
111,budget,budget,مِيزانِيَّة,NOUN,ميزانية,"Syria+Lebanon+Jordan+Palestine, Egypt+Sudan, Iraq, Tunisia+Libya, Qatar+Saudi+Oman+Yemen, Morocco+Algeria",1250,مصروف,Egypt+Sudan,150,بودجي,Morocco+Algeria,0
116,worry,se inquiéter,قَلِق,VERB,قلق,"Syria+Lebanon+Jordan+Palestine, Egypt+Sudan, Iraq, Tunisia+Libya, Qatar+Saudi+Oman+Yemen",1300,اتحير,Tunisia+Libya,150,تنشن,Egypt+Sudan,50
117,accident,accident,حادِث,NOUN,حادث,"Syria+Lebanon+Jordan+Palestine, Iraq, Tunisia+Libya, Qatar+Saudi+Oman+Yemen, Egypt+Sudan",1300,دعمة,"Iraq, Qatar+Saudi+Oman+Yemen",150,كسدة,Morocco+Algeria,0
120,beef,boeuf,لَحْم بَقَرِيّ,ADJ,لحم بقر,"Syria+Lebanon+Jordan+Palestine, Tunisia+Libya, Qatar+Saudi+Oman+Yemen",1250,بقري,"Egypt+Sudan, Morocco+Algeria, Tunisia+Libya",150,بتلو,Egypt+Sudan,50
122,ring,bague,خاتَم,NOUN,خاتم,"Syria+Lebanon+Jordan+Palestine, Morocco+Algeria, Egypt+Sudan, Iraq, Tunisia+Libya, Qatar+Saudi+Oman+Yemen",1300,خوصة,Tunisia+Libya,100,حلقة,Iraq,50
123,bus,bus,حافِلَة,NOUN,حافلة,"Syria+Lebanon+Jordan+Palestine, Iraq, Tunisia+Libya, Morocco+Algeria, Qatar+Saudi+Oman+Yemen, Egypt+Sudan",1250,توبيس,Morocco+Algeria,150,تاته,Iraq,50
126,meat,viande,لَحْم,NOUN,لحم,"Syria+Lebanon+Jordan+Palestine, Morocco+Algeria, Iraq, Tunisia+Libya, Qatar+Saudi+Oman+Yemen",1300,شركة,Qatar+Saudi+Oman+Yemen,150,ذبيحة,Qatar+Saudi+Oman+Yemen,50
129,vegetable,légume,خُضْرَة,NOUN,خضرة,"Syria+Lebanon+Jordan+Palestine, Morocco+Algeria, Iraq, Tunisia+Libya, Qatar+Saudi+Oman+Yemen",1250,خضروات,Tunisia+Libya,150,خضراوات,Qatar+Saudi+Oman+Yemen,50
131,steak,steak,شَرِيحَة لَحْم,NOUN,شريحة لحم,Qatar+Saudi+Oman+Yemen,1100,شرحة,Syria+Lebanon+Jordan+Palestine,150,بفتيك,Egypt+Sudan,50
133,school,école,مَدْرَسَة,NOUN,مدرسة,"Syria+Lebanon+Jordan+Palestine, Egypt+Sudan, Iraq, Tunisia+Libya, Qatar+Saudi+Oman+Yemen, Morocco+Algeria",1250,ليكول,Morocco+Algeria,100,المسيد,Morocco+Algeria,50
135,foreign,étranger,أَجْنَبِيّ,ADJ,اجنبي,"Syria+Lebanon+Jordan+Palestine, Egypt+Sudan, Iraq, Tunisia+Libya, Qatar+Saudi+Oman+Yemen",1300,اعجمي,"Syria+Lebanon+Jordan+Palestine, Qatar+Saudi+Oman+Yemen",150,افرنجي,Qatar+Saudi+Oman+Yemen,50
136,use,usage,ٱِسْتِخْدام,NOUN,استخدام,"Syria+Lebanon+Jordan+Palestine, Egypt+Sudan, Iraq, Qatar+Saudi+Oman+Yemen",300,فايدة,"Syria+Lebanon+Jordan+Palestine, Egypt+Sudan, Qatar+Saudi+Oman+Yemen",150,استنفاع,Syria+Lebanon+Jordan+Palestine,50
137,natural,naturel,طَبِيعِيّ,ADJ,طبيعي,"Syria+Lebanon+Jordan+Palestine, Egypt+Sudan, Iraq, Tunisia+Libya, Qatar+Saudi+Oman+Yemen, Morocco+Algeria",1300,فطري,Syria+Lebanon+Jordan+Palestine,150,نورمال,Morocco+Algeria,50
140,hear,entendre,سَمِع,VERB,سمع,"Syria+Lebanon+Jordan+Palestine, Morocco+Algeria, Egypt+Sudan, Iraq, Tunisia+Libya, Qatar+Saudi+Oman+Yemen",1300,تصنت,Morocco+Algeria,100,استاخ,Qatar+Saudi+Oman+Yemen,0
141,stop,arrêt,مَحَطَّة,NOUN,محطة,"Syria+Lebanon+Jordan+Palestine, Egypt+Sudan, Iraq, Tunisia+Libya, Qatar+Saudi+Oman+Yemen, Morocco+Algeria",1250,نقطة,Qatar+Saudi+Oman+Yemen,150,لاري,Morocco+Algeria,50
143,coat,manteau,مِعْطَف,NOUN,معطف,Iraq,1100,سترة,"Syria+Lebanon+Jordan+Palestine, Qatar+Saudi+Oman+Yemen",150,بالطو,Iraq,50
144,contract,contrat,عَقْد,NOUN,عقد,"Syria+Lebanon+Jordan+Palestine, Morocco+Algeria, Egypt+Sudan, Iraq, Tunisia+Libya, Qatar+Saudi+Oman+Yemen",1300,كنتراتو,"Egypt+Sudan, Tunisia+Libya",100,تفاقية,Qatar+Saudi+Oman+Yemen,0
149,shirt,chemise,قَمِيص,NOUN,قميص,"Syria+Lebanon+Jordan+Palestine, Egypt+Sudan, Iraq, Qatar+Saudi+Oman+Yemen",1300,بلوزة,Tunisia+Libya,150,فنلة,Egypt+Sudan,50
150,system,système,نِظام,NOUN,نظام,"Syria+Lebanon+Jordan+Palestine, Egypt+Sudan, Iraq, Tunisia+Libya, Qatar+Saudi+Oman+Yemen",1300,شبكة,Syria+Lebanon+Jordan+Palestine,150,سسطم,Morocco+Algeria,0
151,watch,regarder,شاهَد,VERB,شاهد,"Syria+Lebanon+Jordan+Palestine, Tunisia+Libya, Qatar+Saudi+Oman+Yemen",1250,خزر,"Morocco+Algeria, Tunisia+Libya",150,حتر,Qatar+Saudi+Oman+Yemen,50
155,point,point,نُقْطَة,NOUN,نقطة,"Syria+Lebanon+Jordan+Palestine, Morocco+Algeria, Egypt+Sudan, Iraq, Tunisia+Libya, Qatar+Saudi+Oman+Yemen",1250,اشارة,Qatar+Saudi+Oman+Yemen,150,بونط,Egypt+Sudan,50
156,arm,bras,ذِراع,NOUN,ذراع,"Syria+Lebanon+Jordan+Palestine, Egypt+Sudan, Iraq, Qatar+Saudi+Oman+Yemen, Tunisia+Libya",1250,زند,"Iraq, Qatar+Saudi+Oman+Yemen, Tunisia+Libya",150,دراع,Morocco+Algeria,50
159,lock,enfermer,أَغْلَق,VERB,غلق,"Morocco+Algeria, Qatar+Saudi+Oman+Yemen, Tunisia+Libya",1150,تربس,"Syria+Lebanon+Jordan+Palestine, Egypt+Sudan",150,طفى,Syria+Lebanon+Jordan+Palestine,50
160,child,enfant,طِفْل,NOUN,طفل,"Syria+Lebanon+Jordan+Palestine, Morocco+Algeria, Egypt+Sudan, Iraq, Tunisia+Libya, Qatar+Saudi+Oman+Yemen",1300,بوبو,Syria+Lebanon+Jordan+Palestine,150,زعطوط,Iraq,50
164,friend,ami,صَدِيق,NOUN,صديق,"Syria+Lebanon+Jordan+Palestine, Egypt+Sudan, Iraq, Qatar+Saudi+Oman+Yemen, Morocco+Algeria",1300,صحوبة,Tunisia+Libya,100,رفيج,Qatar+Saudi+Oman+Yemen,50
168,visit,visiter,زار,VERB,زار,"Syria+Lebanon+Jordan+Palestine, Morocco+Algeria, Egypt+Sudan, Iraq, Tunisia+Libya, Qatar+Saudi+Oman+Yemen",1300,راد,Qatar+Saudi+Oman+Yemen,150,داز,Morocco+Algeria,50
170,different,différent,مُخْتَلِف,ADJ,مختلف,"Syria+Lebanon+Jordan+Palestine, Egypt+Sudan, Iraq, Tunisia+Libya, Qatar+Saudi+Oman+Yemen",1300,فرق,Qatar+Saudi+Oman+Yemen,150,مبدل,Morocco+Algeria,50
171,shower,douche,دُوش,NOUN,دوش,"Syria+Lebanon+Jordan+Palestine, Morocco+Algeria, Iraq, Tunisia+Libya",1350,بانيو,Tunisia+Libya,150,سبحة,Qatar+Saudi+Oman+Yemen,50
174,new,nouveau,جَدِيد,ADJ,جديد,"Syria+Lebanon+Jordan+Palestine, Morocco+Algeria, Egypt+Sudan, Iraq, Tunisia+Libya, Qatar+Saudi+Oman+Yemen",1300,فرش,Qatar+Saudi+Oman+Yemen,150,بورقته,Syria+Lebanon+Jordan+Palestine,50
175,bottle,bouteille,زُجاجَة,NOUN,زجاجة,Qatar+Saudi+Oman+Yemen,1050,قارورة,Qatar+Saudi+Oman+Yemen,150,دبة,Qatar+Saudi+Oman+Yemen,50
178,street,rue,شارِع,NOUN,شارع,"Syria+Lebanon+Jordan+Palestine, Egypt+Sudan, Iraq, Tunisia+Libya, Qatar+Saudi+Oman+Yemen",1300,زنقة,"Morocco+Algeria, Tunisia+Libya",150,زاروب,Syria+Lebanon+Jordan+Palestine,50
179,trip,voyage,رِحْلَة,NOUN,رحلة,"Syria+Lebanon+Jordan+Palestine, Egypt+Sudan, Iraq, Tunisia+Libya, Qatar+Saudi+Oman+Yemen",1250,سفرية,"Syria+Lebanon+Jordan+Palestine, Egypt+Sudan, Qatar+Saudi+Oman+Yemen",150,ضهرة,Syria+Lebanon+Jordan+Palestine,0
180,forget,oublier,نَسِي,VERB,نسى,"Morocco+Algeria, Egypt+Sudan, Syria+Lebanon+Jordan+Palestine, Iraq, Tunisia+Libya, Qatar+Saudi+Oman+Yemen",1250,اهمل,Syria+Lebanon+Jordan+Palestine,100,سهى,Egypt+Sudan,50
183,place,endroit,مَكان,NOUN,مكان,"Syria+Lebanon+Jordan+Palestine, Egypt+Sudan, Iraq, Tunisia+Libya, Qatar+Saudi+Oman+Yemen, Morocco+Algeria",1300,بقعة,"Qatar+Saudi+Oman+Yemen, Tunisia+Libya",150,دعنة,Qatar+Saudi+Oman+Yemen,0
184,sure,sûr,مُتَأَكِّد,ADJ,متأكد,"Syria+Lebanon+Jordan+Palestine, Morocco+Algeria, Egypt+Sudan, Iraq, Tunisia+Libya, Qatar+Saudi+Oman+Yemen",1250,من جد,Qatar+Saudi+Oman+Yemen,100,مأكد,Syria+Lebanon+Jordan+Palestine,50
185,court,court,مَلْعَب,NOUN,ملعب,"Syria+Lebanon+Jordan+Palestine, Egypt+Sudan, Iraq, Tunisia+Libya, Qatar+Saudi+Oman+Yemen, Morocco+Algeria",1300,ميدان,Qatar+Saudi+Oman+Yemen,150,لاكور,Morocco+Algeria,50
186,"morning , a.m.",matin,صَباح,NOUN,صباح,"Syria+Lebanon+Jordan+Palestine, Morocco+Algeria, Qatar+Saudi+Oman+Yemen, Egypt+Sudan, Tunisia+Libya",1300,ضحى,Qatar+Saudi+Oman+Yemen,150,عبكرة,Syria+Lebanon+Jordan+Palestine,50
187,salad,salade,سَلَطَة,NOUN,سلاطة,"Iraq, Tunisia+Libya",1200,خضرة,Qatar+Saudi+Oman+Yemen,150,شلاضة,Morocco+Algeria,50
188,fish,poisson,سَمَك,NOUN,سمك,"Syria+Lebanon+Jordan+Palestine, Egypt+Sudan, Iraq, Qatar+Saudi+Oman+Yemen, Tunisia+Libya",1300,بواسون,Morocco+Algeria,100,سردين,Morocco+Algeria,50
190,double,double,مُزْدَوِج,ADJ,مزدوج,"Egypt+Sudan, Syria+Lebanon+Jordan+Palestine, Qatar+Saudi+Oman+Yemen",1200,مدوبل,"Syria+Lebanon+Jordan+Palestine, Morocco+Algeria",150,مجوز,Syria+Lebanon+Jordan+Palestine,50
191,meal,repas,وَجْبَة,NOUN,وجبة,"Syria+Lebanon+Jordan+Palestine, Egypt+Sudan, Iraq, Tunisia+Libya, Qatar+Saudi+Oman+Yemen, Morocco+Algeria",1250,اكال,Tunisia+Libya,150,روبى,Morocco+Algeria,50
192,doctor,médecin,طَبِيب,NOUN,طبيب,"Syria+Lebanon+Jordan+Palestine, Morocco+Algeria, Iraq, Tunisia+Libya, Qatar+Saudi+Oman+Yemen, Egypt+Sudan",1300,حكيم,Syria+Lebanon+Jordan+Palestine,150,تكتور,Qatar+Saudi+Oman+Yemen,50
193,police,police,شُرْطَة,NOUN,شرطة,"Syria+Lebanon+Jordan+Palestine, Morocco+Algeria, Egypt+Sudan, Iraq, Tunisia+Libya, Qatar+Saudi+Oman+Yemen",1250,درك,Syria+Lebanon+Jordan+Palestine,150,لابوليس,Morocco+Algeria,50
198,slope,pente,مُنْحَدَر,NOUN,منحدر,"Syria+Lebanon+Jordan+Palestine, Iraq, Qatar+Saudi+Oman+Yemen, Egypt+Sudan",1250,دحديرة,"Egypt+Sudan, Qatar+Saudi+Oman+Yemen",150,سفح,Qatar+Saudi+Oman+Yemen,50
199,letter,lettre,خِطاب,NOUN,خطاب,"Syria+Lebanon+Jordan+Palestine, Morocco+Algeria, Qatar+Saudi+Oman+Yemen",1200,ورقة,Qatar+Saudi+Oman+Yemen,150,قرطاسة,Qatar+Saudi+Oman+Yemen,50
200,hat,chapeau,قُبَّعَة,NOUN,قبعة,"Iraq, Qatar+Saudi+Oman+Yemen",1150,كاسكيت,"Syria+Lebanon+Jordan+Palestine, Tunisia+Libya",150,بيريه,Egypt+Sudan,50
203,clothes,vêtement,مَلابِس,NOUN,ملابس,"Syria+Lebanon+Jordan+Palestine, Iraq, Qatar+Saudi+Oman+Yemen",1250,هدمة,"Syria+Lebanon+Jordan+Palestine, Egypt+Sudan",150,دبش,Tunisia+Libya,50
205,dish,plat,طَبَق,NOUN,طبق,"Egypt+Sudan, Syria+Lebanon+Jordan+Palestine, Qatar+Saudi+Oman+Yemen",1250,ماعون,"Iraq, Qatar+Saudi+Oman+Yemen",150,قصعة,Tunisia+Libya,50
206,wait,attendre,ٱِنْتَظَر,VERB,انتظر,"Egypt+Sudan, Syria+Lebanon+Jordan+Palestine, Iraq, Qatar+Saudi+Oman+Yemen",300,نطر,"Syria+Lebanon+Jordan+Palestine, Qatar+Saudi+Oman+Yemen",150,تهيد,Qatar+Saudi+Oman+Yemen,50
207,form,formulaire,ٱِسْتِمارَة,NOUN,استمارة,"Syria+Lebanon+Jordan+Palestine, Egypt+Sudan, Iraq, Tunisia+Libya, Qatar+Saudi+Oman+Yemen, Morocco+Algeria",250,فرمة,Egypt+Sudan,150,اورنيك,Egypt+Sudan,50
209,"want , would like",vouloir,أَراد ، وَدّ ، رَغِب,VERB,راد,"Syria+Lebanon+Jordan+Palestine, Iraq, Qatar+Saudi+Oman+Yemen",1200,بغى,"Morocco+Algeria, Qatar+Saudi+Oman+Yemen",150,اشتى,Qatar+Saudi+Oman+Yemen,50
211,smoking,fumer,تَدْخِين,NOUN,تدخين,"Syria+Lebanon+Jordan+Palestine, Egypt+Sudan, Iraq, Qatar+Saudi+Oman+Yemen, Tunisia+Libya",1250,تكيف,Tunisia+Libya,150,دوخة,Qatar+Saudi+Oman+Yemen,50
212,sit,se asseoir,جَلَس,VERB,جلس,"Syria+Lebanon+Jordan+Palestine, Qatar+Saudi+Oman+Yemen, Morocco+Algeria",1250,اتربع,Qatar+Saudi+Oman+Yemen,150,قعمز,Tunisia+Libya,50
214,"best , better",meilleur,أَفْضَل,ADJ,افضل,"Egypt+Sudan, Syria+Lebanon+Jordan+Palestine, Tunisia+Libya, Qatar+Saudi+Oman+Yemen",1300,احلى,Qatar+Saudi+Oman+Yemen,150,ازبط,Syria+Lebanon+Jordan+Palestine,50
216,reserve,réserver,حَجَز,VERB,حجز,"Syria+Lebanon+Jordan+Palestine, Egypt+Sudan, Iraq, Tunisia+Libya, Qatar+Saudi+Oman+Yemen, Morocco+Algeria",1300,رزرف,Morocco+Algeria,100,ريسارفى,Tunisia+Libya,0
217,seem,sembler,بَدا,VERB,بدا,"Syria+Lebanon+Jordan+Palestine, Tunisia+Libya, Qatar+Saudi+Oman+Yemen",1250,لاح,Syria+Lebanon+Jordan+Palestine,150,تهايا,Qatar+Saudi+Oman+Yemen,50
218,operator,opérateur,عامِل ال+ تِلِفُون,NOUN,عامل التلفون,"Syria+Lebanon+Jordan+Palestine, Egypt+Sudan, Tunisia+Libya",200,استعلامات,Qatar+Saudi+Oman+Yemen,150,سنترال,Qatar+Saudi+Oman+Yemen,50
220,depend,dépendre,تَوَقَّف عَلَى,ADP,توقف على,Morocco+Algeria,1150,قايم على,Syria+Lebanon+Jordan+Palestine,150,مرهون,Tunisia+Libya,50
222,table,table,مائِدَة,NOUN,مايدة,Qatar+Saudi+Oman+Yemen,1050,طرابيزة,"Egypt+Sudan, Qatar+Saudi+Oman+Yemen",150,ترابيزة,Egypt+Sudan,50
223,appointment,rendez-vous,مَوْعِد,NOUN,موعد,"Syria+Lebanon+Jordan+Palestine, Iraq, Tunisia+Libya, Qatar+Saudi+Oman+Yemen, Morocco+Algeria",1300,مقابلة,Qatar+Saudi+Oman+Yemen,150,رندفوه,Egypt+Sudan,0
224,stomach,estomac,مَعِدَة,NOUN,معدة,"Syria+Lebanon+Jordan+Palestine, Egypt+Sudan, Iraq, Tunisia+Libya, Qatar+Saudi+Oman+Yemen, Morocco+Algeria",1250,كرشة,"Tunisia+Libya, Qatar+Saudi+Oman+Yemen",150,لاسطومة,Morocco+Algeria,0
225,belt,ceinture,حِزام,NOUN,حزام,"Syria+Lebanon+Jordan+Palestine, Morocco+Algeria, Egypt+Sudan, Iraq, Qatar+Saudi+Oman+Yemen, Tunisia+Libya",1300,زنار,"Syria+Lebanon+Jordan+Palestine, Qatar+Saudi+Oman+Yemen",150,حزاق,Qatar+Saudi+Oman+Yemen,0
226,steal,voler,سَرَق,VERB,سرق,"Syria+Lebanon+Jordan+Palestine, Morocco+Algeria, Egypt+Sudan, Iraq, Tunisia+Libya, Qatar+Saudi+Oman+Yemen",1300,اختلس,"Syria+Lebanon+Jordan+Palestine, Qatar+Saudi+Oman+Yemen",150,تفتف,Tunisia+Libya,50
227,give,donner,أَعْطَى,VERB,اعطى,"Morocco+Algeria, Syria+Lebanon+Jordan+Palestine, Iraq, Tunisia+Libya",1250,تبرع,Syria+Lebanon+Jordan+Palestine,150,اسكه,Qatar+Saudi+Oman+Yemen,50
228,seat,place,مَقْعَد,NOUN,مقعد,"Syria+Lebanon+Jordan+Palestine, Egypt+Sudan, Iraq, Qatar+Saudi+Oman+Yemen",1300,بلاصة,"Morocco+Algeria, Tunisia+Libya",150,دكة,Egypt+Sudan,50
229,paper,papier,وَرَق,NOUN,ورق,"Syria+Lebanon+Jordan+Palestine, Egypt+Sudan, Iraq, Tunisia+Libya, Qatar+Saudi+Oman+Yemen",1300,كاغط,"Morocco+Algeria, Tunisia+Libya",150,قرطاس,Qatar+Saudi+Oman+Yemen,50
231,"speak , talk",parler,تَحَدَّث ، تَكَلَّم,VERB,تكلم,"Morocco+Algeria, Iraq, Qatar+Saudi+Oman+Yemen, Tunisia+Libya",1300,اتخابر,Qatar+Saudi+Oman+Yemen,150,دردش,Syria+Lebanon+Jordan+Palestine,50
232,look for,chercher,بَحَث,VERB,بحث,"Syria+Lebanon+Jordan+Palestine, Iraq, Tunisia+Libya, Morocco+Algeria, Qatar+Saudi+Oman+Yemen",1300,تحرى,Qatar+Saudi+Oman+Yemen,150,بحبش,Syria+Lebanon+Jordan+Palestine,50
233,maybe,peut-être,رُبَّما,ADV,ربما,"Iraq, Qatar+Saudi+Oman+Yemen",1250,امكن,Egypt+Sudan,150,بيجوز,Syria+Lebanon+Jordan+Palestine,50
236,bed,lit,سَرِير,NOUN,سرير,"Syria+Lebanon+Jordan+Palestine, Egypt+Sudan, Iraq, Tunisia+Libya, Qatar+Saudi+Oman+Yemen",1300,عن قريب,Egypt+Sudan,150,كرفاية,Qatar+Saudi+Oman+Yemen,50
237,driver 's license,permis de conduire,رُخْصَة قِيادَة,NOUN,رخصة,"Syria+Lebanon+Jordan+Palestine, Morocco+Algeria, Tunisia+Libya, Qatar+Saudi+Oman+Yemen, Egypt+Sudan",250,اجازة,Iraq,150,رخصة القيادة,Morocco+Algeria,50
238,wonderful,merveilleux,رائِع,ADJ,رائع,"Egypt+Sudan, Syria+Lebanon+Jordan+Palestine, Iraq, Morocco+Algeria, Qatar+Saudi+Oman+Yemen",1300,رهيب,Qatar+Saudi+Oman+Yemen,150,بجنن,Syria+Lebanon+Jordan+Palestine,50
239,plate,assiette,طَبَق,NOUN,طبق,"Egypt+Sudan, Syria+Lebanon+Jordan+Palestine, Qatar+Saudi+Oman+Yemen",1250,ماعون,"Iraq, Qatar+Saudi+Oman+Yemen",150,طبسي,Morocco+Algeria,50
240,reconfirm,reconfirmer,أَعاد تَأْكِيد,NOUN,اعادة تأكيد,Qatar+Saudi+Oman+Yemen,1050,زاد يأكد,Qatar+Saudi+Oman+Yemen,150,اعادة تشييك,Qatar+Saudi+Oman+Yemen,50
241,lipstick,rouge à lèvre,أَحْمَر ال+ شِفاه,NOUN,روج,"Syria+Lebanon+Jordan+Palestine, Egypt+Sudan, Tunisia+Libya, Qatar+Saudi+Oman+Yemen, Morocco+Algeria",250,احمر شفايف,Egypt+Sudan,100,اعكر,Morocco+Algeria,50
242,call,appel,مُكالَمَة,NOUN,مكالمة,"Syria+Lebanon+Jordan+Palestine, Egypt+Sudan, Iraq, Tunisia+Libya, Morocco+Algeria, Qatar+Saudi+Oman+Yemen",1250,ابال,"Morocco+Algeria, Tunisia+Libya",150,تعيطة,Morocco+Algeria,0
244,fever,fièvre,حُمَّى,NOUN,حمى,"Morocco+Algeria, Egypt+Sudan, Syria+Lebanon+Jordan+Palestine, Iraq, Qatar+Saudi+Oman+Yemen",1250,باردة,Qatar+Saudi+Oman+Yemen,150,حرارة مرتفعة,Syria+Lebanon+Jordan+Palestine,50
246,play,jouer,لَعِب,VERB,لعب,"Syria+Lebanon+Jordan+Palestine, Morocco+Algeria, Egypt+Sudan, Iraq, Tunisia+Libya, Qatar+Saudi+Oman+Yemen",1300,تلاهى,Qatar+Saudi+Oman+Yemen,100,داعب,Qatar+Saudi+Oman+Yemen,50
247,station,gare,مَحَطَّة,NOUN,محطة,"Syria+Lebanon+Jordan+Palestine, Egypt+Sudan, Iraq, Tunisia+Libya, Qatar+Saudi+Oman+Yemen, Morocco+Algeria",1250,ستيشن,Qatar+Saudi+Oman+Yemen,150,انجار,Tunisia+Libya,50
248,picture,photo,صُورَة,NOUN,صورة,"Syria+Lebanon+Jordan+Palestine, Egypt+Sudan, Iraq, Tunisia+Libya, Qatar+Saudi+Oman+Yemen",1250,فوطو,Morocco+Algeria,150,تابلوه,Egypt+Sudan,50
250,serve,servir,قَدَّم,VERB,قدم,"Syria+Lebanon+Jordan+Palestine, Egypt+Sudan, Iraq, Tunisia+Libya, Qatar+Saudi+Oman+Yemen",1300,دنى,Qatar+Saudi+Oman+Yemen,150,سكب,Qatar+Saudi+Oman+Yemen,50
253,gift,cadeau,هَدِيَّة,NOUN,هدية,"Syria+Lebanon+Jordan+Palestine, Egypt+Sudan, Iraq, Tunisia+Libya, Qatar+Saudi+Oman+Yemen",1250,عيدية,Syria+Lebanon+Jordan+Palestine,150,صوغة,Qatar+Saudi+Oman+Yemen,0
257,there,là-bas,هُناكَ,ADV,هناك,"Egypt+Sudan, Syria+Lebanon+Jordan+Palestine, Iraq, Qatar+Saudi+Oman+Yemen",1300,الغادي,Tunisia+Libya,150,بهناك,Egypt+Sudan,50
259,people,gens,ناس,NOUN,ناس,"Syria+Lebanon+Jordan+Palestine, Morocco+Algeria, Egypt+Sudan, Iraq, Tunisia+Libya, Qatar+Saudi+Oman+Yemen",1300,بن آدم,Morocco+Algeria,150,غاشي,Morocco+Algeria,50
261,"baggage , luggage",bagage,مَتاع,NOUN,امتعة,Iraq,1100,عفش,"Qatar+Saudi+Oman+Yemen, Egypt+Sudan",150,شواكيش,Morocco+Algeria,50
265,price tag,étiquette de prix,بِطاقَة ال+ سِعْر,NOUN,سعر,"Syria+Lebanon+Jordan+Palestine, Iraq, Tunisia+Libya, Qatar+Saudi+Oman+Yemen",300,تاج,Egypt+Sudan,150,لاصق,Qatar+Saudi+Oman+Yemen,50
266,put,mettre,وَضَع,VERB,حط,"Syria+Lebanon+Jordan+Palestine, Morocco+Algeria, Egypt+Sudan, Iraq, Tunisia+Libya, Qatar+Saudi+Oman+Yemen",300,ختى,Egypt+Sudan,100,ذب,Qatar+Saudi+Oman+Yemen,50
268,aisle,couloir,مَمَرّ,NOUN,ممر,"Syria+Lebanon+Jordan+Palestine, Egypt+Sudan, Iraq, Tunisia+Libya, Qatar+Saudi+Oman+Yemen, Morocco+Algeria",1250,حجرة,Qatar+Saudi+Oman+Yemen,150,مزاز,Tunisia+Libya,50
270,wonder,demander,تَساءَل,VERB,تساءل,"Syria+Lebanon+Jordan+Palestine, Morocco+Algeria, Qatar+Saudi+Oman+Yemen",1200,اتعجب,Qatar+Saudi+Oman+Yemen,150,سأل حالو,Syria+Lebanon+Jordan+Palestine,50
273,end,bout,نِهايَة,NOUN,نهاية,"Morocco+Algeria, Egypt+Sudan, Syria+Lebanon+Jordan+Palestine, Iraq, Tunisia+Libya, Qatar+Saudi+Oman+Yemen",1250,ذيل,Syria+Lebanon+Jordan+Palestine,100,لافان,Morocco+Algeria,0
274,family,famille,أُسْرَة,NOUN,اسرة,"Egypt+Sudan, Syria+Lebanon+Jordan+Palestine, Tunisia+Libya, Qatar+Saudi+Oman+Yemen",1250,آل,Syria+Lebanon+Jordan+Palestine,150,لافامي,Morocco+Algeria,50
275,building,bâtiment,مَبْنَى,NOUN,مبنى,"Egypt+Sudan, Syria+Lebanon+Jordan+Palestine, Iraq, Tunisia+Libya, Qatar+Saudi+Oman+Yemen",1250,بنا,Qatar+Saudi+Oman+Yemen,150,موبل,Morocco+Algeria,50
277,what time,à quelle heure,مَتَى,ADV,متى,"Syria+Lebanon+Jordan+Palestine, Qatar+Saudi+Oman+Yemen",1250,احين,Qatar+Saudi+Oman+Yemen,150,الساعة قداش,Tunisia+Libya,50
278,break,casser,كَسَر,VERB,كسر,"Syria+Lebanon+Jordan+Palestine, Morocco+Algeria, Egypt+Sudan, Iraq, Tunisia+Libya, Qatar+Saudi+Oman+Yemen",1300,فتت,"Syria+Lebanon+Jordan+Palestine, Qatar+Saudi+Oman+Yemen",150,بوظ,Egypt+Sudan,50
280,start,commencer,بَدَأ,VERB,بدا,"Syria+Lebanon+Jordan+Palestine, Iraq, Tunisia+Libya, Qatar+Saudi+Oman+Yemen, Egypt+Sudan",1300,باشر,Syria+Lebanon+Jordan+Palestine,150,ابتدى,Qatar+Saudi+Oman+Yemen,50
281,send,envoyer,أَرْسَل,VERB,ارسل,"Syria+Lebanon+Jordan+Palestine, Iraq, Qatar+Saudi+Oman+Yemen",1250,دز,"Iraq, Tunisia+Libya, Qatar+Saudi+Oman+Yemen",150,صافط,Morocco+Algeria,50
282,pound,livre,جُنَيْه,NOUN,جنيه,"Syria+Lebanon+Jordan+Palestine, Egypt+Sudan, Iraq, Tunisia+Libya, Qatar+Saudi+Oman+Yemen, Morocco+Algeria",1300,باوند,Qatar+Saudi+Oman+Yemen,150,لحلوح,Egypt+Sudan,50
283,ready,prêt,جاهِز,ADJ,جاهز,"Syria+Lebanon+Jordan+Palestine, Egypt+Sudan, Iraq, Tunisia+Libya, Qatar+Saudi+Oman+Yemen",1300,مجهز,Qatar+Saudi+Oman+Yemen,150,بارز,Qatar+Saudi+Oman+Yemen,50
284,dress,robe,فُسْتان,NOUN,فستان,"Syria+Lebanon+Jordan+Palestine, Egypt+Sudan, Iraq, Qatar+Saudi+Oman+Yemen",1300,بدلة,Iraq,150,قفطان,Tunisia+Libya,50
287,customs,douane,ال+ جَمارِك,NOUN,الجمارك,"Syria+Lebanon+Jordan+Palestine, Egypt+Sudan, Iraq, Tunisia+Libya, Qatar+Saudi+Oman+Yemen",300,التفتيش,Qatar+Saudi+Oman+Yemen,150,لادوان,Morocco+Algeria,0
288,lens,lentille,عَدَسَة,NOUN,عدسة,"Syria+Lebanon+Jordan+Palestine, Egypt+Sudan, Iraq, Tunisia+Libya, Qatar+Saudi+Oman+Yemen, Morocco+Algeria",1250,لنتي,Tunisia+Libya,100,لونتيي,Morocco+Algeria,50
289,center,centre,مَرْكَز,NOUN,مركز,"Syria+Lebanon+Jordan+Palestine, Morocco+Algeria, Egypt+Sudan, Iraq, Tunisia+Libya, Qatar+Saudi+Oman+Yemen",1300,وسطة,Qatar+Saudi+Oman+Yemen,100,فسط,Syria+Lebanon+Jordan+Palestine,50
290,prescription,ordonnance,رُوشِتَّة ، وصفة دواء,NOUN,روشتة,"Egypt+Sudan, Tunisia+Libya, Qatar+Saudi+Oman+Yemen",1150,تذكرة,Egypt+Sudan,150,ورقة الدوا,Tunisia+Libya,50
292,good,bon,جَيِّد,ADJ,جيد,"Syria+Lebanon+Jordan+Palestine, Iraq, Qatar+Saudi+Oman+Yemen",1350,ترتيب,Qatar+Saudi+Oman+Yemen,150,يهبل,Tunisia+Libya,50
293,key,clé,مِفْتاح,NOUN,مفتاح,"Syria+Lebanon+Jordan+Palestine, Morocco+Algeria, Egypt+Sudan, Iraq, Tunisia+Libya, Qatar+Saudi+Oman+Yemen",1300,داير,Qatar+Saudi+Oman+Yemen,150,ساروت,Morocco+Algeria,50
294,do you mind,ça vous déranger,هَلْ تُمانِع,VERB,عندك مانع,"Syria+Lebanon+Jordan+Palestine, Egypt+Sudan, Iraq, Qatar+Saudi+Oman+Yemen",300,لا مؤاخذة,Qatar+Saudi+Oman+Yemen,150,دتمانع,Iraq,0
295,problem,problème,مُشْكِلَة,NOUN,مشكلة,"Syria+Lebanon+Jordan+Palestine, Egypt+Sudan, Iraq, Tunisia+Libya, Qatar+Saudi+Oman+Yemen, Morocco+Algeria",1250,معضلة,"Syria+Lebanon+Jordan+Palestine, Egypt+Sudan",150,خازوق,Egypt+Sudan,50
296,bath,baignoire,حَمام,NOUN,حمام,"Syria+Lebanon+Jordan+Palestine, Egypt+Sudan, Iraq, Tunisia+Libya, Qatar+Saudi+Oman+Yemen, Morocco+Algeria",1300,بانو,Tunisia+Libya,150,مسبح,Qatar+Saudi+Oman+Yemen,50
298,include,comprendre,شَمِل,VERB,شمل,"Syria+Lebanon+Jordan+Palestine, Morocco+Algeria, Egypt+Sudan, Iraq, Qatar+Saudi+Oman+Yemen",1300,ادرج,Qatar+Saudi+Oman+Yemen,150,خشش,Tunisia+Libya,50
300,hot,chaud,ساخِن,ADJ,ساخن,"Syria+Lebanon+Jordan+Palestine, Tunisia+Libya, Qatar+Saudi+Oman+Yemen",1250,يحرق,Qatar+Saudi+Oman+Yemen,150,ملهلب,Syria+Lebanon+Jordan+Palestine,50
301,office,bureau,مَكْتَب,NOUN,مكتب,"Syria+Lebanon+Jordan+Palestine, Morocco+Algeria, Egypt+Sudan, Iraq, Tunisia+Libya, Qatar+Saudi+Oman+Yemen",1300,دائرة,Syria+Lebanon+Jordan+Palestine,150,دسك,Egypt+Sudan,50
303,return,retour,عَوْدَة,NOUN,عودة,"Syria+Lebanon+Jordan+Palestine, Egypt+Sudan, Qatar+Saudi+Oman+Yemen",1200,مرواح,"Qatar+Saudi+Oman+Yemen, Tunisia+Libya",150,مرواحة,Tunisia+Libya,50
304,elevator,ascenseur,مِصْعَد,NOUN,مصعد,"Syria+Lebanon+Jordan+Palestine, Iraq, Qatar+Saudi+Oman+Yemen",1200,اصنصير,Qatar+Saudi+Oman+Yemen,100,اصنصيل,Syria+Lebanon+Jordan+Palestine,50
305,business,affaire,عَمَل,NOUN,عمل,"Egypt+Sudan, Syria+Lebanon+Jordan+Palestine, Tunisia+Libya, Qatar+Saudi+Oman+Yemen",1300,شغلانة,"Egypt+Sudan, Qatar+Saudi+Oman+Yemen",150,تبزنيس,Morocco+Algeria,0
307,stop,arrêter,تَوَقَّف,VERB,توقف,"Syria+Lebanon+Jordan+Palestine, Qatar+Saudi+Oman+Yemen",1250,اتعطل,Qatar+Saudi+Oman+Yemen,150,امتنع,Qatar+Saudi+Oman+Yemen,50
310,see,voir,رَأَى,VERB,رأى,Qatar+Saudi+Oman+Yemen,1150,لمح,"Syria+Lebanon+Jordan+Palestine, Tunisia+Libya",150,بصبص,Syria+Lebanon+Jordan+Palestine,50
311,suggest,suggérer,ٱِقْتَرَح,VERB,اقترح,"Syria+Lebanon+Jordan+Palestine, Morocco+Algeria, Egypt+Sudan, Iraq, Tunisia+Libya, Qatar+Saudi+Oman+Yemen",300,فرايي,Qatar+Saudi+Oman+Yemen,150,بروبوزا,Morocco+Algeria,0
318,jacket,veste,سُتْرَة,NOUN,سترة,"Syria+Lebanon+Jordan+Palestine, Iraq, Qatar+Saudi+Oman+Yemen",1150,كوت,Qatar+Saudi+Oman+Yemen,150,جاكة,Tunisia+Libya,0
320,drink,boire,شَرِب,VERB,شرب,"Syria+Lebanon+Jordan+Palestine, Morocco+Algeria, Egypt+Sudan, Iraq, Tunisia+Libya, Qatar+Saudi+Oman+Yemen",1300,عبى,Qatar+Saudi+Oman+Yemen,150,اتجرع,Qatar+Saudi+Oman+Yemen,50
322,like,aimer,أَحَبّ,VERB,حب,"Syria+Lebanon+Jordan+Palestine, Morocco+Algeria, Egypt+Sudan, Iraq, Tunisia+Libya, Qatar+Saudi+Oman+Yemen",1300,بغى,"Morocco+Algeria, Qatar+Saudi+Oman+Yemen",150,انعجب,Qatar+Saudi+Oman+Yemen,50
323,ask,demander,سَأَل,VERB,سأل,"Egypt+Sudan, Syria+Lebanon+Jordan+Palestine, Iraq, Tunisia+Libya, Qatar+Saudi+Oman+Yemen",1250,ناشد,Qatar+Saudi+Oman+Yemen,100,سقسى,Morocco+Algeria,0
325,tour,excursion,جَوْلَة,NOUN,جولة,"Syria+Lebanon+Jordan+Palestine, Egypt+Sudan, Iraq, Qatar+Saudi+Oman+Yemen, Morocco+Algeria",1250,تجوال,Qatar+Saudi+Oman+Yemen,150,رحلة سياحية,Qatar+Saudi+Oman+Yemen,50
326,rent,louer,ٱِسْتَأْجَر,VERB,اجر,"Egypt+Sudan, Iraq, Tunisia+Libya, Qatar+Saudi+Oman+Yemen",300,اتأجر,Syria+Lebanon+Jordan+Palestine,100,ستأجر,Qatar+Saudi+Oman+Yemen,0
330,cream,crème,قِشْدَة,NOUN,كريمة,"Syria+Lebanon+Jordan+Palestine, Egypt+Sudan, Tunisia+Libya, Qatar+Saudi+Oman+Yemen",350,قيمر,Iraq,150,جمادة,Egypt+Sudan,50
332,box,boîte,صُنْدُوق,NOUN,صندوق,"Syria+Lebanon+Jordan+Palestine, Morocco+Algeria, Egypt+Sudan, Iraq, Tunisia+Libya, Qatar+Saudi+Oman+Yemen",1300,سحارة,"Syria+Lebanon+Jordan+Palestine, Qatar+Saudi+Oman+Yemen",150,تنكة,Qatar+Saudi+Oman+Yemen,50
334,work,travail,عَمَل,NOUN,عمل,"Tunisia+Libya, Qatar+Saudi+Oman+Yemen",1250,وظيفة,"Syria+Lebanon+Jordan+Palestine, Qatar+Saudi+Oman+Yemen",150,كد,Qatar+Saudi+Oman+Yemen,50
335,dessert,dessert,حَلْوَى,NOUN,حلو,"Syria+Lebanon+Jordan+Palestine, Tunisia+Libya, Qatar+Saudi+Oman+Yemen, Egypt+Sudan",1300,حرور,Qatar+Saudi+Oman+Yemen,150,تحلاية,Syria+Lebanon+Jordan+Palestine,0
337,"small , little",petit,صَغِير,ADJ,صغير,"Morocco+Algeria, Egypt+Sudan, Syria+Lebanon+Jordan+Palestine, Iraq, Tunisia+Libya, Qatar+Saudi+Oman+Yemen",1300,زغير,"Syria+Lebanon+Jordan+Palestine, Iraq",150,زغيرون,Iraq,50
338,press,appuyer,ضَغَط,VERB,ضغط,"Syria+Lebanon+Jordan+Palestine, Egypt+Sudan, Iraq, Qatar+Saudi+Oman+Yemen",1300,داس,"Iraq, Egypt+Sudan, Qatar+Saudi+Oman+Yemen",150,سدك,Qatar+Saudi+Oman+Yemen,50
339,tourism,tourisme,سِياحَة,NOUN,سياحة,"Morocco+Algeria, Egypt+Sudan, Syria+Lebanon+Jordan+Palestine, Iraq, Qatar+Saudi+Oman+Yemen, Tunisia+Libya",1250,فرجة,Egypt+Sudan,150,جولة سياحية,Syria+Lebanon+Jordan+Palestine,50
340,follow,suivre,ٱِتَّبَع,VERB,تبع,"Morocco+Algeria, Iraq, Tunisia+Libya, Qatar+Saudi+Oman+Yemen",300,راقب,Qatar+Saudi+Oman+Yemen,150,تعقب,Qatar+Saudi+Oman+Yemen,50
341,list,liste,قائِمَة,NOUN,قائمة,"Syria+Lebanon+Jordan+Palestine, Iraq, Tunisia+Libya, Qatar+Saudi+Oman+Yemen, Morocco+Algeria",1250,لايحة,"Syria+Lebanon+Jordan+Palestine, Qatar+Saudi+Oman+Yemen",150,فهرس,Qatar+Saudi+Oman+Yemen,50
344,front,"en face de , face à",أَمام,NOUN,امام,"Iraq, Qatar+Saudi+Oman+Yemen",1250,مقابيل,"Syria+Lebanon+Jordan+Palestine, Iraq",150,جدام,Qatar+Saudi+Oman+Yemen,50
345,single,simple,مُفْرَد,ADJ,مفرد,"Syria+Lebanon+Jordan+Palestine, Egypt+Sudan, Iraq",1200,اعزب,"Syria+Lebanon+Jordan+Palestine, Qatar+Saudi+Oman+Yemen",150,بروحه,Qatar+Saudi+Oman+Yemen,50
346,part,partie,جُزْء,NOUN,جزء,"Syria+Lebanon+Jordan+Palestine, Morocco+Algeria, Egypt+Sudan, Iraq, Tunisia+Libya, Qatar+Saudi+Oman+Yemen",1300,حصة,"Syria+Lebanon+Jordan+Palestine, Egypt+Sudan",150,نتيفة,Qatar+Saudi+Oman+Yemen,50
347,use,utiliser,ٱِسْتَخْدَم,VERB,استخدم,"Syria+Lebanon+Jordan+Palestine, Egypt+Sudan, Iraq, Tunisia+Libya, Qatar+Saudi+Oman+Yemen",300,استغل,Qatar+Saudi+Oman+Yemen,150,ستعمل,Morocco+Algeria,50
349,drink,boisson,مَشْرُوب,NOUN,مشروب,"Syria+Lebanon+Jordan+Palestine, Egypt+Sudan, Iraq, Tunisia+Libya, Qatar+Saudi+Oman+Yemen, Morocco+Algeria",1250,قازوز,Morocco+Algeria,150,جرعة,Qatar+Saudi+Oman+Yemen,50
350,great,génial,عَظِيم,ADJ,عظيم,"Syria+Lebanon+Jordan+Palestine, Egypt+Sudan, Iraq, Tunisia+Libya, Qatar+Saudi+Oman+Yemen",1300,ضخم,Qatar+Saudi+Oman+Yemen,150,جسيم,Qatar+Saudi+Oman+Yemen,50
351,drop,tomber,سَقَط,VERB,سقط,"Syria+Lebanon+Jordan+Palestine, Egypt+Sudan, Qatar+Saudi+Oman+Yemen",1200,فلت,"Syria+Lebanon+Jordan+Palestine, Qatar+Saudi+Oman+Yemen",150,انسلخ,Qatar+Saudi+Oman+Yemen,50
352,happen,passer,حَدَث,VERB,حدث,"Syria+Lebanon+Jordan+Palestine, Qatar+Saudi+Oman+Yemen",1250,استوى,Qatar+Saudi+Oman+Yemen,150,داز,Morocco+Algeria,50
353,change,monnaie,فَكَّة,NOUN,فكة,"Egypt+Sudan, Syria+Lebanon+Jordan+Palestine, Qatar+Saudi+Oman+Yemen",1200,خردة,"Iraq, Qatar+Saudi+Oman+Yemen",150,فراطة,Syria+Lebanon+Jordan+Palestine,50
354,department,rayon,قِسْم,NOUN,قسم,"Syria+Lebanon+Jordan+Palestine, Morocco+Algeria, Egypt+Sudan, Iraq, Tunisia+Libya, Qatar+Saudi+Oman+Yemen",1300,دايرة,Qatar+Saudi+Oman+Yemen,150,مصلحة,Qatar+Saudi+Oman+Yemen,50
356,ticket,billet,تَذْكَرَة,NOUN,تذكرة,"Syria+Lebanon+Jordan+Palestine, Egypt+Sudan, Iraq, Tunisia+Libya, Qatar+Saudi+Oman+Yemen",1250,تيكي,"Morocco+Algeria, Tunisia+Libya",150,تسكرة,Tunisia+Libya,50
357,other,autre,أُخْرَى,ADJ,آخر,"Morocco+Algeria, Tunisia+Libya, Qatar+Saudi+Oman+Yemen",1250,واحد آخر,Tunisia+Libya,150,راخر,Egypt+Sudan,50
358,long,long,طَوِيل,ADJ,طويل,"Syria+Lebanon+Jordan+Palestine, Morocco+Algeria, Egypt+Sudan, Iraq, Tunisia+Libya, Qatar+Saudi+Oman+Yemen",1300,طويلون,Qatar+Saudi+Oman+Yemen,150,ممشوق,Syria+Lebanon+Jordan+Palestine,50
360,have,devoir,ٱِضْطَرّ,VERB,اضطر,"Syria+Lebanon+Jordan+Palestine, Egypt+Sudan, Iraq, Tunisia+Libya, Qatar+Saudi+Oman+Yemen, Morocco+Algeria",250,تحتم عليه,Morocco+Algeria,100,تلز,Tunisia+Libya,50
361,by the way,au fait,بِ+ ال+ مُناسَبَة,NOUN,بالمناسبة,"Syria+Lebanon+Jordan+Palestine, Egypt+Sudan, Iraq, Qatar+Saudi+Oman+Yemen, Tunisia+Libya",250,حقة,Tunisia+Libya,150,لعلمك,Qatar+Saudi+Oman+Yemen,50
362,how much,combien,كَمْ,ADV,كم,"Syria+Lebanon+Jordan+Palestine, Iraq, Tunisia+Libya, Qatar+Saudi+Oman+Yemen, Egypt+Sudan",1300,شقد,"Iraq, Qatar+Saudi+Oman+Yemen",150,شحال,Morocco+Algeria,50
368,full,complet,كامِل,ADJ,كامل,"Syria+Lebanon+Jordan+Palestine, Morocco+Algeria, Egypt+Sudan, Iraq, Tunisia+Libya, Qatar+Saudi+Oman+Yemen",1300,ممتلي,Qatar+Saudi+Oman+Yemen,150,بالتمام والكمال,Qatar+Saudi+Oman+Yemen,50
369,finish,finir,ٱِنْتَهَى,VERB,خلص,"Syria+Lebanon+Jordan+Palestine, Egypt+Sudan, Iraq, Qatar+Saudi+Oman+Yemen",300,انهى,Syria+Lebanon+Jordan+Palestine,150,انعدم,Qatar+Saudi+Oman+Yemen,50
370,taxi,taxi,سَيّارَة أُجْرَة ، تاكْسِيّ,NOUN,تاكسي,"Morocco+Algeria, Egypt+Sudan, Tunisia+Libya, Qatar+Saudi+Oman+Yemen",1400,كروة,Iraq,100,ليموزين,Qatar+Saudi+Oman+Yemen,50
375,tooth,dent,سِنّ,NOUN,سن,"Syria+Lebanon+Jordan+Palestine, Iraq, Tunisia+Libya, Qatar+Saudi+Oman+Yemen, Egypt+Sudan",1300,ضرس,Qatar+Saudi+Oman+Yemen,100,ضرسة,Morocco+Algeria,50
377,bag,sac,حَقِيبَة,NOUN,حقيبة,"Syria+Lebanon+Jordan+Palestine, Iraq, Qatar+Saudi+Oman+Yemen",1150,شكارة,Tunisia+Libya,150,جزدان,Syria+Lebanon+Jordan+Palestine,50
381,food,cuisine,طَعام,NOUN,طعام,"Tunisia+Libya, Qatar+Saudi+Oman+Yemen",1250,ماكلة,"Morocco+Algeria, Tunisia+Libya",150,لقمة,Syria+Lebanon+Jordan+Palestine,50
382,leave,partir,غادَر,VERB,غادر,Qatar+Saudi+Oman+Yemen,1200,ذهب,Tunisia+Libya,150,ضهر,Syria+Lebanon+Jordan+Palestine,50
383,"too , also",aussi,أَيْضاً,ADV,ايضا,Qatar+Saudi+Oman+Yemen,1150,والكل,Qatar+Saudi+Oman+Yemen,150,همات,Iraq,50
384,last,dernier,ماضِي,ADJ,ماضي,"Syria+Lebanon+Jordan+Palestine, Qatar+Saudi+Oman+Yemen",1250,فايت,Qatar+Saudi+Oman+Yemen,150,داز,Morocco+Algeria,50
386,need,falloir,ٱِحْتاج,VERB,احتاج,"Syria+Lebanon+Jordan+Palestine, Egypt+Sudan, Iraq, Qatar+Saudi+Oman+Yemen, Morocco+Algeria",300,اعتاز,"Syria+Lebanon+Jordan+Palestine, Qatar+Saudi+Oman+Yemen",150,اتحوج,Egypt+Sudan,50
387,money,argent,نُقود,NOUN,نقدية,Egypt+Sudan,1050,عملة,Syria+Lebanon+Jordan+Palestine,150,بيزات,Qatar+Saudi+Oman+Yemen,50
389,lady,dame,سَيِّدَة,NOUN,سيدة,"Morocco+Algeria, Egypt+Sudan, Qatar+Saudi+Oman+Yemen",1200,استاذة,Qatar+Saudi+Oman+Yemen,150,هانم,Egypt+Sudan,50
390,style,style,طِراز,NOUN,طراز,"Morocco+Algeria, Egypt+Sudan, Syria+Lebanon+Jordan+Palestine, Iraq, Qatar+Saudi+Oman+Yemen",1250,نمط,"Iraq, Qatar+Saudi+Oman+Yemen",150,صيغة,Qatar+Saudi+Oman+Yemen,50
391,pharmacy,pharmacie,صَيْدَلِيَّة,NOUN,صيدلية,"Syria+Lebanon+Jordan+Palestine, Egypt+Sudan, Iraq, Tunisia+Libya, Qatar+Saudi+Oman+Yemen",1250,فارماسي,Morocco+Algeria,150,اجزاخانة,Egypt+Sudan,0
394,enjoy,apprécier,ٱِسْتَمْتَع,VERB,اتمتع,"Egypt+Sudan, Syria+Lebanon+Jordan+Palestine, Iraq, Qatar+Saudi+Oman+Yemen",250,تبرع,Morocco+Algeria,150,ترفه,Iraq,50
395,person,personne,شَخْص,NOUN,شخص,"Syria+Lebanon+Jordan+Palestine, Egypt+Sudan, Iraq, Tunisia+Libya, Qatar+Saudi+Oman+Yemen",1300,ابن آدم,Tunisia+Libya,150,حدن,Syria+Lebanon+Jordan+Palestine,50
398,"post , mail",poste,بَرِيد,NOUN,بريد,"Syria+Lebanon+Jordan+Palestine, Egypt+Sudan, Iraq, Tunisia+Libya, Qatar+Saudi+Oman+Yemen, Morocco+Algeria",1250,البوسطة,Tunisia+Libya,150,لابوست,Morocco+Algeria,0
399,way,chemin,طَرِيق,NOUN,طريق,"Syria+Lebanon+Jordan+Palestine, Morocco+Algeria, Egypt+Sudan, Iraq, Tunisia+Libya, Qatar+Saudi+Oman+Yemen",1300,سكة,"Egypt+Sudan, Syria+Lebanon+Jordan+Palestine, Qatar+Saudi+Oman+Yemen",150,زاروب,Syria+Lebanon+Jordan+Palestine,50
401,glass,verre,كُوب,NOUN,كوب,"Iraq, Qatar+Saudi+Oman+Yemen",1250,قلاص,"Iraq, Qatar+Saudi+Oman+Yemen",150,جلاص,Qatar+Saudi+Oman+Yemen,50
402,"then , so","alors , donc",إِذَنْ ، فَ+,CCONJ,اذن,"Iraq, Qatar+Saudi+Oman+Yemen",1350,بعدا,Qatar+Saudi+Oman+Yemen,150,امبعد,Morocco+Algeria,50
405,show me,montres moi,أرِ +نِي,PRON,وريني,"Morocco+Algeria, Egypt+Sudan, Syria+Lebanon+Jordan+Palestine, Tunisia+Libya, Qatar+Saudi+Oman+Yemen",250,شوفني,"Syria+Lebanon+Jordan+Palestine, Qatar+Saudi+Oman+Yemen",150,ورجيني,Syria+Lebanon+Jordan+Palestine,50
406,work,"marcher , travailler",عَمِل,VERB,عمل,"Egypt+Sudan, Syria+Lebanon+Jordan+Palestine, Tunisia+Libya, Qatar+Saudi+Oman+Yemen",1300,تعب,Qatar+Saudi+Oman+Yemen,150,كد,Qatar+Saudi+Oman+Yemen,50
407,call,"appeler , rappeler",ٱِتَّصَل,VERB,اتصل,"Syria+Lebanon+Jordan+Palestine, Egypt+Sudan, Iraq, Tunisia+Libya, Qatar+Saudi+Oman+Yemen",300,رن,"Syria+Lebanon+Jordan+Palestine, Iraq, Qatar+Saudi+Oman+Yemen",150,حكى تيليفون,Syria+Lebanon+Jordan+Palestine,50
411,bill,note,فاتُورَة,NOUN,فاتورة,"Syria+Lebanon+Jordan+Palestine, Morocco+Algeria, Egypt+Sudan, Iraq, Tunisia+Libya, Qatar+Saudi+Oman+Yemen",1250,قائمة,Iraq,150,فاكتور,Morocco+Algeria,50
412,tonight,ce soir,ال+ لَيْلَة,NOUN,الليلة,"Syria+Lebanon+Jordan+Palestine, Morocco+Algeria, Egypt+Sudan, Iraq, Tunisia+Libya, Qatar+Saudi+Oman+Yemen",250,فالليل,"Qatar+Saudi+Oman+Yemen, Tunisia+Libya",150,الليلة بالمسا,Egypt+Sudan,50
414,discount,remise,خَصْم,NOUN,خصم,"Syria+Lebanon+Jordan+Palestine, Egypt+Sudan, Iraq, Qatar+Saudi+Oman+Yemen",1300,دسكاونت,Qatar+Saudi+Oman+Yemen,150,اوكازيون,Qatar+Saudi+Oman+Yemen,50
415,kind,genre,نَوْع,NOUN,نوع,"Syria+Lebanon+Jordan+Palestine, Morocco+Algeria, Egypt+Sudan, Iraq, Tunisia+Libya, Qatar+Saudi+Oman+Yemen",1300,قالب,Qatar+Saudi+Oman+Yemen,150,صيغة,Qatar+Saudi+Oman+Yemen,50
417,package,paquet,طَرْد,NOUN,طرد,"Syria+Lebanon+Jordan+Palestine, Egypt+Sudan, Iraq, Tunisia+Libya, Qatar+Saudi+Oman+Yemen",1300,باكي,Morocco+Algeria,150,رزمة,Syria+Lebanon+Jordan+Palestine,50
420,think,croire,ٱِعْتَقَد,VERB,اعتقد,"Egypt+Sudan, Syria+Lebanon+Jordan+Palestine, Iraq, Tunisia+Libya, Qatar+Saudi+Oman+Yemen",300,خمم,"Morocco+Algeria, Tunisia+Libya",150,ضن,Morocco+Algeria,50
421,take,prendre,أَخَذ,VERB,اخذ,"Syria+Lebanon+Jordan+Palestine, Egypt+Sudan, Iraq, Qatar+Saudi+Oman+Yemen",1300,لقط,"Syria+Lebanon+Jordan+Palestine, Qatar+Saudi+Oman+Yemen",150,انتهز,Qatar+Saudi+Oman+Yemen,50
422,"store , shop",magasin,مَتْجَر ، مَحَلّ,NOUN,محل,"Egypt+Sudan, Syria+Lebanon+Jordan+Palestine, Iraq, Qatar+Saudi+Oman+Yemen, Morocco+Algeria",1300,بوتيك,"Egypt+Sudan, Tunisia+Libya",150,مخزن,Syria+Lebanon+Jordan+Palestine,50
425,"have , get",avoir,حَصَل,VERB,حصل,"Syria+Lebanon+Jordan+Palestine, Iraq, Tunisia+Libya, Qatar+Saudi+Oman+Yemen, Morocco+Algeria",1300,اتملك,"Egypt+Sudan, Qatar+Saudi+Oman+Yemen",150,حاز,Qatar+Saudi+Oman+Yemen,50
426,make a call,passer un appel,أَجْرَى مُكالَمَة,NOUN,اجرى مكالمة,"Iraq, Qatar+Saudi+Oman+Yemen",1150,تاصل,Morocco+Algeria,150,حكى تيليفون,Syria+Lebanon+Jordan+Palestine,50
427,tell,indiquer,أَخْبَر,VERB,خبر,"Syria+Lebanon+Jordan+Palestine, Iraq, Qatar+Saudi+Oman+Yemen, Tunisia+Libya",1300,سرد,"Syria+Lebanon+Jordan+Palestine, Qatar+Saudi+Oman+Yemen",150,اعطى المعلومة,Qatar+Saudi+Oman+Yemen,50
428,check,vérifier,فَحَص,VERB,فحص,"Syria+Lebanon+Jordan+Palestine, Egypt+Sudan, Iraq, Tunisia+Libya, Qatar+Saudi+Oman+Yemen",1250,اتأكد,Tunisia+Libya,150,رابى,Qatar+Saudi+Oman+Yemen,50
430,beautiful,beau,جَمِيل,ADJ,جميل,"Egypt+Sudan, Syria+Lebanon+Jordan+Palestine, Iraq, Tunisia+Libya, Qatar+Saudi+Oman+Yemen",1300,مزيان,Tunisia+Libya,150,يهبل,Tunisia+Libya,50
432,please,"s' il vous plait , veuillez",مِن فَضْل +ك,PRON,لو سمحت,"Syria+Lebanon+Jordan+Palestine, Egypt+Sudan, Tunisia+Libya, Qatar+Saudi+Oman+Yemen",300,يعيشك,"Morocco+Algeria, Tunisia+Libya",150,اترجاك,Qatar+Saudi+Oman+Yemen,50
433,have,avoir,لَدَى,NOUN,عند,"Syria+Lebanon+Jordan+Palestine, Egypt+Sudan, Iraq, Tunisia+Libya, Qatar+Saudi+Oman+Yemen, Morocco+Algeria",300,معه,Syria+Lebanon+Jordan+Palestine,150,بطرف,Qatar+Saudi+Oman+Yemen,50
435,excuse me,excuser moi,ال+ مَعْذِرَة,NOUN,عفوا,"Syria+Lebanon+Jordan+Palestine, Iraq, Tunisia+Libya, Qatar+Saudi+Oman+Yemen, Egypt+Sudan",300,اذا سمحت,Syria+Lebanon+Jordan+Palestine,150,المعذرة,Qatar+Saudi+Oman+Yemen,50
436,sorry,désoler,آسِف,NOUN,آسف,"Syria+Lebanon+Jordan+Palestine, Egypt+Sudan, Iraq, Tunisia+Libya, Qatar+Saudi+Oman+Yemen",1250,عذرا,Qatar+Saudi+Oman+Yemen,100,المعذرة,Qatar+Saudi+Oman+Yemen,50
437,today,aujourd'hui,ال+ يَوْم,NOUN,اليوم,"Syria+Lebanon+Jordan+Palestine, Morocco+Algeria, Iraq, Tunisia+Libya, Qatar+Saudi+Oman+Yemen",300,الليلة,Egypt+Sudan,150,هليوم,Iraq,50
438,now,maintenant,ال+ آن,NOUN,الحين,"Syria+Lebanon+Jordan+Palestine, Qatar+Saudi+Oman+Yemen",250,هسا,"Syria+Lebanon+Jordan+Palestine, Iraq",150,حسع,Egypt+Sudan,50
439,very,très,جِدّاً ، ل+ ال+ غاية,NOUN,جدا,"Egypt+Sudan, Syria+Lebanon+Jordan+Palestine, Iraq, Qatar+Saudi+Oman+Yemen",1300,بكل,Tunisia+Libya,150,عللخر,Tunisia+Libya,50
440,well,eh bien,حَسَناً,NOUN,تمام,"Syria+Lebanon+Jordan+Palestine, Egypt+Sudan, Qatar+Saudi+Oman+Yemen",250,مليح,Morocco+Algeria,150,معله,Morocco+Algeria,50
444,is ... true ?,est -ce que ... ?,هَلْ ... ؟ ، أَ+ ... ؟,PART ... ?,هل,"Syria+Lebanon+Jordan+Palestine, Tunisia+Libya, Egypt+Sudan, Qatar+Saudi+Oman+Yemen",300,بالحق,Tunisia+Libya,150,زعمك,Tunisia+Libya,50
445,"could you ... ? , can you ... ?",peux -tu ... ?,هَل يُمكِنُ +كَ أن ... ؟,SCONJ ... ?,تقدر,"Morocco+Algeria, Egypt+Sudan, Tunisia+Libya, Qatar+Saudi+Oman+Yemen",300,تستر,Qatar+Saudi+Oman+Yemen,150,اسكه,Qatar+Saudi+Oman+Yemen,50
446,darn,zut,ال+ لَعْنَة,NOUN,او,Qatar+Saudi+Oman+Yemen,200,العن,Egypt+Sudan,150,ازح,Tunisia+Libya,50
447,duty-free,hors taxe,مُعْفَى مِن ال+ جُمْرُك,NOUN,دوتي فري,"Egypt+Sudan, Qatar+Saudi+Oman+Yemen",250,من غير جمارك,Tunisia+Libya,150,اور تاكس,Morocco+Algeria,50
448,even,même,حَتَّى,PART,حتى,"Syria+Lebanon+Jordan+Palestine, Morocco+Algeria, Egypt+Sudan, Iraq, Tunisia+Libya, Qatar+Saudi+Oman+Yemen",1300,مام سي,Morocco+Algeria,100,همات,Iraq,50
449,good evening,bonsoir,مَساء ال+ خَيْر,NOUN,مسا الخير,"Syria+Lebanon+Jordan+Palestine, Morocco+Algeria, Egypt+Sudan, Qatar+Saudi+Oman+Yemen, Tunisia+Libya",300,مساك الله بالخير,Qatar+Saudi+Oman+Yemen,100,ليلتك زينة,Tunisia+Libya,50
451,few,quelque,بِضْع,DET,شوية,"Syria+Lebanon+Jordan+Palestine, Morocco+Algeria, Egypt+Sudan, Iraq, Tunisia+Libya, Qatar+Saudi+Oman+Yemen",250,حبة,Egypt+Sudan,150,شوية بركة,Tunisia+Libya,50
453,hello,bonjour,مَرْحَباً,NOUN,مرحبا,"Syria+Lebanon+Jordan+Palestine, Morocco+Algeria, Egypt+Sudan, Iraq, Tunisia+Libya, Qatar+Saudi+Oman+Yemen",1300,عالسلامة,"Morocco+Algeria, Tunisia+Libya",150,مرحبتين,Tunisia+Libya,50
455,how much,combien,بِ+ كَمْ,ADV,بكم,"Syria+Lebanon+Jordan+Palestine, Tunisia+Libya, Qatar+Saudi+Oman+Yemen, Egypt+Sudan",300,شقد,"Iraq, Qatar+Saudi+Oman+Yemen",150,بشحال,Morocco+Algeria,50
457,most,la plupart,مُعْظَم ، أَغْلَب,DET,اغلب,"Syria+Lebanon+Jordan+Palestine, Egypt+Sudan, Iraq, Tunisia+Libya, Qatar+Saudi+Oman+Yemen",1300,الاغلبية,Morocco+Algeria,150,لابلوبار,Morocco+Algeria,0
459,not,ne pas,لا,PART,لا,"Egypt+Sudan, Syria+Lebanon+Jordan+Palestine, Iraq, Morocco+Algeria, Qatar+Saudi+Oman+Yemen, Tunisia+Libya",1300,موش,Tunisia+Libya,150,لع,Iraq,50
464,okay,ok,حَسَناً,NOUN,اوكي,"Morocco+Algeria, Egypt+Sudan, Syria+Lebanon+Jordan+Palestine, Iraq, Qatar+Saudi+Oman+Yemen",400,خوش,Iraq,150,ايوة,Qatar+Saudi+Oman+Yemen,50
465,go out,sortir,خَرَج,NOUN,خرج,"Morocco+Algeria, Egypt+Sudan, Qatar+Saudi+Oman+Yemen, Tunisia+Libya",1300,مرق,Egypt+Sudan,150,طش,Syria+Lebanon+Jordan+Palestine,50
466,"pardon , excuse me",pardon,عَفْواً,NOUN,عفوا,"Syria+Lebanon+Jordan+Palestine, Iraq, Tunisia+Libya, Qatar+Saudi+Oman+Yemen, Egypt+Sudan",1300,بعد اذنك,Qatar+Saudi+Oman+Yemen,150,المعذرة,Qatar+Saudi+Oman+Yemen,50
467,percent,pour cent,بِ+ ال+ مِئَة,NOUN,بالمية,"Syria+Lebanon+Jordan+Palestine, Morocco+Algeria, Iraq, Qatar+Saudi+Oman+Yemen, Tunisia+Libya",250,فى المية,Egypt+Sudan,150,نسبة,Qatar+Saudi+Oman+Yemen,50
469,someone,quelqu'un,شَخْص ما,PRON,شخص ما,Iraq,1100,بني آدم,Qatar+Saudi+Oman+Yemen,150,حدن,Syria+Lebanon+Jordan+Palestine,50
470,such,tel que,مِثْل,NOUN,مثل,"Syria+Lebanon+Jordan+Palestine, Iraq, Qatar+Saudi+Oman+Yemen",1250,شبه,Egypt+Sudan,150,سع,Qatar+Saudi+Oman+Yemen,50
472,get up,se lever,ٱِسْتَيْقَظ,VERB,قام,"Egypt+Sudan, Syria+Lebanon+Jordan+Palestine, Qatar+Saudi+Oman+Yemen, Tunisia+Libya",300,ناض,"Morocco+Algeria, Tunisia+Libya",150,كعد,Iraq,50
473,what,quoi,ماذا,PRON,شنو,"Iraq, Tunisia+Libya, Qatar+Saudi+Oman+Yemen, Morocco+Algeria, Egypt+Sudan",300,شنهو,"Iraq, Qatar+Saudi+Oman+Yemen",150,آش,Morocco+Algeria,50
474,when,quand,مَتَى,ADV,متى,"Syria+Lebanon+Jordan+Palestine, Qatar+Saudi+Oman+Yemen",1250,وقتاش,"Morocco+Algeria, Tunisia+Libya",150,بتين,Egypt+Sudan,50
475,which,quel,أَيّ,PRON,اي,"Syria+Lebanon+Jordan+Palestine, Iraq, Tunisia+Libya, Qatar+Saudi+Oman+Yemen, Egypt+Sudan",300,ايا,Qatar+Saudi+Oman+Yemen,150,اية,Qatar+Saudi+Oman+Yemen,50
476,"will , shall",aller,سَوْفَ ، سَ+,PART,ح+,"Syria+Lebanon+Jordan+Palestine, Egypt+Sudan, Tunisia+Libya, Qatar+Saudi+Oman+Yemen",300,باش,Tunisia+Libya,150,بش,Tunisia+Libya,50
477,wow,wouaou,واو,NOUN,واو,"Syria+Lebanon+Jordan+Palestine, Morocco+Algeria, Egypt+Sudan, Iraq, Tunisia+Libya, Qatar+Saudi+Oman+Yemen",300,بالله,Egypt+Sudan,150,اوو,Qatar+Saudi+Oman+Yemen,50
478,"yes , yeah","oui , ouais",نَعَم ، أَجَل,INTJ,نعم,"Morocco+Algeria, Egypt+Sudan, Syria+Lebanon+Jordan+Palestine, Iraq, Tunisia+Libya, Qatar+Saudi+Oman+Yemen",1300,سم,Qatar+Saudi+Oman+Yemen,100,آي,Egypt+Sudan,50
490,eleven,onze,أَحَد عَشَر,NUM,احدعش,"Morocco+Algeria, Syria+Lebanon+Jordan+Palestine, Tunisia+Libya, Qatar+Saudi+Oman+Yemen",250,احدعشر,"Syria+Lebanon+Jordan+Palestine, Qatar+Saudi+Oman+Yemen",150,ادعش,Syria+Lebanon+Jordan+Palestine,50
491,twelve,douze,إثْنَا عَشَر,NUM,اثنعش,"Syria+Lebanon+Jordan+Palestine, Morocco+Algeria, Iraq, Tunisia+Libya, Qatar+Saudi+Oman+Yemen",250,اثناعش,Qatar+Saudi+Oman+Yemen,100,اثنعشن,Tunisia+Libya,0
492,thirteen,treize,ثَلاثَة عَشَر,NUM,ثلاثتعش,"Syria+Lebanon+Jordan+Palestine, Iraq, Tunisia+Libya, Qatar+Saudi+Oman+Yemen, Morocco+Algeria",200,ثلاثتعشر,"Egypt+Sudan, Syria+Lebanon+Jordan+Palestine, Qatar+Saudi+Oman+Yemen",100,ثلاثتعشن,Tunisia+Libya,0
494,fifteen,quinze,خَمْسَة عَشَر,NUM,خمستعش,"Syria+Lebanon+Jordan+Palestine, Morocco+Algeria, Iraq, Tunisia+Libya, Qatar+Saudi+Oman+Yemen",250,خمستعشر,"Egypt+Sudan, Syria+Lebanon+Jordan+Palestine, Qatar+Saudi+Oman+Yemen",150,خمستعشن,Tunisia+Libya,0
495,sixteen,seize,سِتَّة عَشَر,NUM,ستتعش,"Syria+Lebanon+Jordan+Palestine, Morocco+Algeria, Iraq, Tunisia+Libya, Qatar+Saudi+Oman+Yemen",200,ستتعشر,"Egypt+Sudan, Syria+Lebanon+Jordan+Palestine, Qatar+Saudi+Oman+Yemen",100,ستتعشن,Tunisia+Libya,0
496,seventeen,dix-sept,سَبْعَة عَشَر,NUM,سبعتعش,"Syria+Lebanon+Jordan+Palestine, Morocco+Algeria, Iraq, Tunisia+Libya, Qatar+Saudi+Oman+Yemen",250,سبعتعشر,"Egypt+Sudan, Syria+Lebanon+Jordan+Palestine, Qatar+Saudi+Oman+Yemen",100,سبعتعشن,Tunisia+Libya,0
497,eighteen,dix-huit,ثَمانِيَة عَشَر,NUM,ثمنتعش,"Iraq, Morocco+Algeria, Qatar+Saudi+Oman+Yemen, Tunisia+Libya",250,ثمانتاعش,Qatar+Saudi+Oman+Yemen,100,ثمانتعشل,Morocco+Algeria,0
498,nineteen,dix-neuf,تِسْعَة عَشَر,NUM,تسعتعش,"Syria+Lebanon+Jordan+Palestine, Morocco+Algeria, Iraq, Tunisia+Libya, Qatar+Saudi+Oman+Yemen",200,تسعتعشر,"Egypt+Sudan, Syria+Lebanon+Jordan+Palestine, Qatar+Saudi+Oman+Yemen",100,تسعتعشن,Tunisia+Libya,0
533,eleventh,onzième,ال+ حادِي عَشَر,NUM,الحدعش,"Syria+Lebanon+Jordan+Palestine, Tunisia+Libya, Qatar+Saudi+Oman+Yemen, Morocco+Algeria",200,الاحدعش,"Syria+Lebanon+Jordan+Palestine, Qatar+Saudi+Oman+Yemen",150,الحدعشر,Egypt+Sudan,50
535,thirteenth,treizième,ال+ ثالِث عَشَر,NUM,الثالث عشر,"Morocco+Algeria, Tunisia+Libya, Qatar+Saudi+Oman+Yemen",200,الثلاثتعش,"Syria+Lebanon+Jordan+Palestine, Iraq, Qatar+Saudi+Oman+Yemen",150,الثلاثتعشر,Egypt+Sudan,50
537,fifteenth,quinzième,ال+ خامِس عَشَر,NUM,خامس عشر,"Morocco+Algeria, Tunisia+Libya",200,الخمستعش,"Syria+Lebanon+Jordan+Palestine, Iraq, Qatar+Saudi+Oman+Yemen",150,الخمستعشر,Egypt+Sudan,50
538,sixteenth,seizième,ال+ سادِس عَشَر,NUM,الستتعش,"Syria+Lebanon+Jordan+Palestine, Iraq, Qatar+Saudi+Oman+Yemen, Morocco+Algeria",200,الستتاعش,Qatar+Saudi+Oman+Yemen,100,الستتعشر,Egypt+Sudan,50
539,seventeenth,dix-septième,ال+ سابِع عَشَر,NUM,السابع عشر,"Morocco+Algeria, Tunisia+Libya, Qatar+Saudi+Oman+Yemen",200,السبعتعش,"Syria+Lebanon+Jordan+Palestine, Iraq, Qatar+Saudi+Oman+Yemen",150,السبعتعشر,Egypt+Sudan,50
541,nineteenth,dix-neuvième,ال+ تاسِع عَشَر,NUM,التاسع عشر,"Morocco+Algeria, Tunisia+Libya, Qatar+Saudi+Oman+Yemen",200,التسعتعش,"Syria+Lebanon+Jordan+Palestine, Qatar+Saudi+Oman+Yemen",150,تسعتعشر,Egypt+Sudan,50
571,about,environ,حَوالَي,NOUN,حوالي,"Syria+Lebanon+Jordan+Palestine, Egypt+Sudan, Iraq, Tunisia+Libya, Qatar+Saudi+Oman+Yemen",1300,في حدود,Egypt+Sudan,150,هاكاك,Morocco+Algeria,50
573,across,de l' autre côté,فِي ال+ جانِب ال+ آخَر,ADJ,مقابل,"Tunisia+Libya, Qatar+Saudi+Oman+Yemen",250,بالجهة الثانية,"Syria+Lebanon+Jordan+Palestine, Iraq",150,بالصفحة الثانية,Iraq,50
576,along,au long,عَلَى طُول,NOUN,على طول,"Syria+Lebanon+Jordan+Palestine, Egypt+Sudan, Iraq, Tunisia+Libya, Qatar+Saudi+Oman+Yemen, Morocco+Algeria",1300,سيدا,Qatar+Saudi+Oman+Yemen,150,دغري,Qatar+Saudi+Oman+Yemen,50
579,then,ensuite,ثُمَّ,CCONJ,بعدين,"Syria+Lebanon+Jordan+Palestine, Egypt+Sudan, Iraq, Tunisia+Libya, Qatar+Saudi+Oman+Yemen",300,ابري,Morocco+Algeria,150,اومبعد,Morocco+Algeria,50
580,another,autre,آخَر,ADJ,آخر,"Tunisia+Libya, Morocco+Algeria",1250,كمان,Qatar+Saudi+Oman+Yemen,150,راخر,Egypt+Sudan,50
582,as,comme,كَ+,ADP,ك+,"Morocco+Algeria, Syria+Lebanon+Jordan+Palestine, Iraq, Qatar+Saudi+Oman+Yemen, Tunisia+Libya",1300,كنه,Qatar+Saudi+Oman+Yemen,100,سع,Qatar+Saudi+Oman+Yemen,50
584,at,chez,عِنْد,NOUN,عند,"Syria+Lebanon+Jordan+Palestine, Morocco+Algeria, Egypt+Sudan, Tunisia+Libya, Qatar+Saudi+Oman+Yemen",1300,حذا,Tunisia+Libya,150,بحذا,Tunisia+Libya,50
585,because,parce que,لِ+ أَنَّ,SCONJ,عشان,"Egypt+Sudan, Syria+Lebanon+Jordan+Palestine, Tunisia+Libya, Qatar+Saudi+Oman+Yemen",300,حيت,Morocco+Algeria,150,مشان,Syria+Lebanon+Jordan+Palestine,50
588,beside,près,جِوار,NOUN,جنب,"Syria+Lebanon+Jordan+Palestine, Egypt+Sudan, Tunisia+Libya, Qatar+Saudi+Oman+Yemen",300,اكوتي,Morocco+Algeria,150,بحذا,Tunisia+Libya,50
590,but,mais,لٰكِنْ,CCONJ,لكن,"Egypt+Sudan, Syria+Lebanon+Jordan+Palestine, Iraq, Tunisia+Libya, Qatar+Saudi+Oman+Yemen",300,اللهم ان,Qatar+Saudi+Oman+Yemen,100,بصح,Morocco+Algeria,50
592,during,pendant,خِلال,NOUN,خلال,"Egypt+Sudan, Iraq, Tunisia+Libya, Morocco+Algeria",1300,بين ما,Qatar+Saudi+Oman+Yemen,100,فوقت,Morocco+Algeria,50
601,like,comme,مِثْل,NOUN,مثل,"Syria+Lebanon+Jordan+Palestine, Iraq, Qatar+Saudi+Oman+Yemen",1250,شبه,Qatar+Saudi+Oman+Yemen,150,سع,Qatar+Saudi+Oman+Yemen,50
602,near,près,قُرْب,NOUN,قرب,"Egypt+Sudan, Qatar+Saudi+Oman+Yemen",1250,اكوتي,Morocco+Algeria,150,بحذا,Tunisia+Libya,50
604,no,non,كَلّا,INTJ,لا,"Iraq, Qatar+Saudi+Oman+Yemen, Morocco+Algeria, Tunisia+Libya",300,ما شي,Qatar+Saudi+Oman+Yemen,100,لع,Iraq,50
606,take off,baisser le prix,خَصَم,NOUN,خصم,"Syria+Lebanon+Jordan+Palestine, Egypt+Sudan, Iraq, Qatar+Saudi+Oman+Yemen",1300,رخص,Syria+Lebanon+Jordan+Palestine,150,هبط السومة,Morocco+Algeria,50
611,"plus , in addition to",en plus de,إِضافَة إِلَى,ADP,كمان,"Syria+Lebanon+Jordan+Palestine, Qatar+Saudi+Oman+Yemen",200,وكمان,Egypt+Sudan,150,ازيد بزيادة,Morocco+Algeria,50
613,some,"du , quelque",بَعْض,NOUN,بعض,"Iraq, Qatar+Saudi+Oman+Yemen",1200,حبة,Egypt+Sudan,150,كالك,Morocco+Algeria,50
616,"go through , cross",passer,عَبَر,VERB,عبر,"Syria+Lebanon+Jordan+Palestine, Iraq, Qatar+Saudi+Oman+Yemen",1250,تعدى,Tunisia+Libya,150,داز,Morocco+Algeria,50
617,"till , until",jusque,حَتَّى,ADP,حتى,"Syria+Lebanon+Jordan+Palestine, Morocco+Algeria, Iraq, Qatar+Saudi+Oman+Yemen, Tunisia+Libya",1300,لعند,"Syria+Lebanon+Jordan+Palestine, Tunisia+Libya",150,لحتى,Syria+Lebanon+Jordan+Palestine,50
619,toward,vers,ٱِتِّجاه,NOUN,اتجاه,"Egypt+Sudan, Qatar+Saudi+Oman+Yemen, Tunisia+Libya",250,جيهة,Tunisia+Libya,150,بجهة,Syria+Lebanon+Jordan+Palestine,50
622,while,pendant,أَثْناءَ,NOUN,اثناء,"Iraq, Egypt+Sudan",1250,ف+,Morocco+Algeria,100,بوندون,Morocco+Algeria,0
624,within,dans,فِي حُدود,NOUN,في حدود,"Egypt+Sudan, Qatar+Saudi+Oman+Yemen, Tunisia+Libya",1200,بحدود,"Syria+Lebanon+Jordan+Palestine, Iraq, Qatar+Saudi+Oman+Yemen",150,فحد,Morocco+Algeria,50
628,mine,"le mien , la mienne , les miens , les miennes",لِ +ي,PRON,لي,"Egypt+Sudan, Qatar+Saudi+Oman+Yemen, Morocco+Algeria, Tunisia+Libya",1300,بتاعي,"Egypt+Sudan, Tunisia+Libya",150,مالتي,Iraq,50
635,our,nôtre,لَ +نا,PRON,لنا,"Egypt+Sudan, Tunisia+Libya, Qatar+Saudi+Oman+Yemen, Morocco+Algeria",300,تبعنا,Qatar+Saudi+Oman+Yemen,150,بتاعنا,Tunisia+Libya,50
636,ourselves,nous-même,أنْفُسِ +نا,PRON,نفسنا,"Syria+Lebanon+Jordan+Palestine, Egypt+Sudan, Morocco+Algeria, Qatar+Saudi+Oman+Yemen",300,ذاتنا,"Syria+Lebanon+Jordan+Palestine, Egypt+Sudan",150,بروحنا,Qatar+Saudi+Oman+Yemen,50
641,yours,"le tien , la tienne , les tiens , les tiennes",لَ +كَ,PRON,لك,"Morocco+Algeria, Egypt+Sudan, Tunisia+Libya, Qatar+Saudi+Oman+Yemen",300,مالك,Qatar+Saudi+Oman+Yemen,150,تاعك,Morocco+Algeria,50
643,you,tu,أَنْتِ,PRON,انتي,"Syria+Lebanon+Jordan+Palestine, Morocco+Algeria, Iraq, Tunisia+Libya, Qatar+Saudi+Oman+Yemen, Egypt+Sudan",1300,نتن,Qatar+Saudi+Oman+Yemen,100,نتيه,Qatar+Saudi+Oman+Yemen,50
647,yours,"le tien , la tienne , les tiens , les tiennes",لَ +كِ,PRON,الك,"Syria+Lebanon+Jordan+Palestine, Iraq",250,الكي,Syria+Lebanon+Jordan+Palestine,150,تاعك,Morocco+Algeria,50
648,yourself,toi-même,نَفْس +كِ,PRON,نفسك,"Syria+Lebanon+Jordan+Palestine, Egypt+Sudan, Tunisia+Libya, Morocco+Algeria, Qatar+Saudi+Oman+Yemen, Iraq",300,نفسكي,Syria+Lebanon+Jordan+Palestine,150,روحش,Qatar+Saudi+Oman+Yemen,50
649,you,vous,أَنْتُما,PRON,انتم,"Egypt+Sudan, Iraq, Qatar+Saudi+Oman+Yemen",1250,انتم الاثنين,Tunisia+Libya,150,ثنينكم,Iraq,50
652,yours,"la vôtre , le vôtre , les vôtres",لَ +كُما,PRON,لكم,"Morocco+Algeria, Egypt+Sudan, Qatar+Saudi+Oman+Yemen, Tunisia+Libya",300,مالكم,Qatar+Saudi+Oman+Yemen,150,تاعكم,Morocco+Algeria,50
653,yourself,vous-même,نَفْس +كُما,PRON,نفسكم,"Egypt+Sudan, Syria+Lebanon+Jordan+Palestine, Tunisia+Libya, Morocco+Algeria, Qatar+Saudi+Oman+Yemen",300,روحكم,"Morocco+Algeria, Qatar+Saudi+Oman+Yemen",150,بايدكم,Tunisia+Libya,50
657,yours,"la vôtre , le vôtre , les vôtres",لَ +كُم,PRON,لكم,"Morocco+Algeria, Egypt+Sudan, Tunisia+Libya, Qatar+Saudi+Oman+Yemen",300,مالكم,Iraq,150,تاعكم,Morocco+Algeria,50
658,yourself,vous-même,نَفْس +كُم,PRON,نفسكم,"Egypt+Sudan, Syria+Lebanon+Jordan+Palestine, Iraq, Tunisia+Libya, Morocco+Algeria, Qatar+Saudi+Oman+Yemen",300,روحكم,"Morocco+Algeria, Qatar+Saudi+Oman+Yemen",150,بايدكم,Tunisia+Libya,50
662,yours,"la vôtre , le vôtre , les vôtres",لَ +كُنَّ,PRON,لكم,"Morocco+Algeria, Egypt+Sudan, Tunisia+Libya, Qatar+Saudi+Oman+Yemen",300,حقكن,"Egypt+Sudan, Qatar+Saudi+Oman+Yemen",150,بتاعكم,Egypt+Sudan,50
663,yourself,vous-même,نَفْس +كُنَّ,PRON,نفسكم,"Egypt+Sudan, Syria+Lebanon+Jordan+Palestine, Morocco+Algeria, Qatar+Saudi+Oman+Yemen",300,روحكم,"Morocco+Algeria, Qatar+Saudi+Oman+Yemen",150,انتوما بايدكم,Tunisia+Libya,50
668,his,"le sien , la sienne , les siens , les siennes",لَ +هُ,PRON,اله,"Syria+Lebanon+Jordan+Palestine, Iraq",250,تبعه,Qatar+Saudi+Oman+Yemen,150,تاعه,Morocco+Algeria,50
674,hers,"le sien , la sienne , les siens , les siennes",لَ +ها,PRON,#+ها,"Syria+Lebanon+Jordan+Palestine, Iraq, Qatar+Saudi+Oman+Yemen, Tunisia+Libya",300,مالها,Iraq,150,تاعها,Morocco+Algeria,50
680,theirs,"la leur , le leur , les leurs",لَ +هُما,PRON,لهم,"Morocco+Algeria, Egypt+Sudan, Tunisia+Libya, Qatar+Saudi+Oman+Yemen",300,مالهم,Qatar+Saudi+Oman+Yemen,150,تاعهم,Morocco+Algeria,50
681,themselves,eux-même,نَفْس +هُما,PRON,نفسهم,"Egypt+Sudan, Syria+Lebanon+Jordan+Palestine, Tunisia+Libya, Morocco+Algeria, Qatar+Saudi+Oman+Yemen",300,روحهم,"Morocco+Algeria, Qatar+Saudi+Oman+Yemen",150,بايدهم,Tunisia+Libya,50
686,theirs,"la leur , le leur , les leurs",لَ +هُم,PRON,لهم,"Morocco+Algeria, Egypt+Sudan, Tunisia+Libya, Qatar+Saudi+Oman+Yemen",300,تبعهم,"Syria+Lebanon+Jordan+Palestine, Qatar+Saudi+Oman+Yemen",150,تاعهم,Morocco+Algeria,50
687,themselves,eux-même,نَفْس +هُم,PRON,نفسهم,"Egypt+Sudan, Syria+Lebanon+Jordan+Palestine, Tunisia+Libya, Morocco+Algeria, Qatar+Saudi+Oman+Yemen",300,روحهم,"Morocco+Algeria, Qatar+Saudi+Oman+Yemen",150,ذاتهن,Syria+Lebanon+Jordan+Palestine,50
692,theirs,"la leur , le leur , les leurs",لَ +هُنَّ,PRON,لهم,"Morocco+Algeria, Egypt+Sudan, Tunisia+Libya, Qatar+Saudi+Oman+Yemen",300,حقهن,"Egypt+Sudan, Qatar+Saudi+Oman+Yemen",150,تاعهم,Morocco+Algeria,50
693,themselves,eux -même,نَفْس +هُنَّ,PRON,نفسهم,"Egypt+Sudan, Syria+Lebanon+Jordan+Palestine, Morocco+Algeria, Qatar+Saudi+Oman+Yemen, Tunisia+Libya",300,روحهم,"Morocco+Algeria, Qatar+Saudi+Oman+Yemen",150,بايدهم,Tunisia+Libya,50
694,this,"ce , cet , ceci",هٰذا,DET,هاذا,"Morocco+Algeria, Iraq, Qatar+Saudi+Oman+Yemen, Tunisia+Libya",300,هاذ,Syria+Lebanon+Jordan+Palestine,150,دكها,Egypt+Sudan,50
695,this,"cette , celle -ci",هٰذِهِ,DET,هادي,"Syria+Lebanon+Jordan+Palestine, Morocco+Algeria, Qatar+Saudi+Oman+Yemen, Tunisia+Libya",300,هيدي,Syria+Lebanon+Jordan+Palestine,150,تيه,Qatar+Saudi+Oman+Yemen,50
696,these two,ces deux -là,هٰذانِ,DET,هذول,"Syria+Lebanon+Jordan+Palestine, Iraq, Qatar+Saudi+Oman+Yemen",200,هدول,"Syria+Lebanon+Jordan+Palestine, Qatar+Saudi+Oman+Yemen",150,هادو بجوج,Morocco+Algeria,50
697,these two,ces deux -là,هاتانِ,DET,هذول,"Syria+Lebanon+Jordan+Palestine, Qatar+Saudi+Oman+Yemen",200,هدول,"Syria+Lebanon+Jordan+Palestine, Qatar+Saudi+Oman+Yemen",150,هادو بجوج,Morocco+Algeria,50
698,these,"ces , ceux -ci",هٰؤُلاءِ,DET,هذول,"Syria+Lebanon+Jordan+Palestine, Iraq, Qatar+Saudi+Oman+Yemen",200,هدول,"Syria+Lebanon+Jordan+Palestine, Qatar+Saudi+Oman+Yemen",150,دوليك,Qatar+Saudi+Oman+Yemen,50
699,that,"cela , celui -là",ذٰلِكَ,DET,ذاك,"Iraq, Qatar+Saudi+Oman+Yemen",250,داك,"Qatar+Saudi+Oman+Yemen, Egypt+Sudan",150,دهون,Egypt+Sudan,50
701,those,"ceux , celles",أُولائِكَ,DET,دول,Egypt+Sudan,200,هذول,Qatar+Saudi+Oman+Yemen,150,ذيلاك,Qatar+Saudi+Oman+Yemen,50
703,what,que,ماذا,PRON,ايش,"Syria+Lebanon+Jordan+Palestine, Iraq, Qatar+Saudi+Oman+Yemen, Tunisia+Libya",300,شني,Iraq,150,آش,Morocco+Algeria,50
704,what,que,ما,PRON,ما,Qatar+Saudi+Oman+Yemen,1200,شنيا,Tunisia+Libya,150,آش,Morocco+Algeria,50
709,there is not ...,il n' y a pas,لَيْسَ هُنالِكَ ، لَيْسَ ثَمَّةَ ، لَيْسَ هُناكَ,ADV,مافيهش,"Egypt+Sudan, Syria+Lebanon+Jordan+Palestine, Tunisia+Libya, Qatar+Saudi+Oman+Yemen",250,ما شي هناك,Qatar+Saudi+Oman+Yemen,100,فش,Syria+Lebanon+Jordan+Palestine,50
711,latest,dernier,أَحْدَث ، آخَر,ADJ,آخر,"Syria+Lebanon+Jordan+Palestine, Egypt+Sudan, Iraq, Tunisia+Libya, Qatar+Saudi+Oman+Yemen, Morocco+Algeria",1300,لخر,Tunisia+Libya,100,اخراني,Egypt+Sudan,50
714,black,noir,أَسْوَد,ADJ,اسود,"Syria+Lebanon+Jordan+Palestine, Egypt+Sudan, Iraq, Tunisia+Libya, Qatar+Saudi+Oman+Yemen",1300,اسمر,"Egypt+Sudan, Syria+Lebanon+Jordan+Palestine, Qatar+Saudi+Oman+Yemen",150,شوشان,Tunisia+Libya,50
715,shoot,tirer,أَطْلَق,VERB,اطلق,"Tunisia+Libya, Morocco+Algeria, Qatar+Saudi+Oman+Yemen",1250,طق,Iraq,150,جبد,Tunisia+Libya,50
720,son,fils,ٱِبْن,NOUN,ابن,"Syria+Lebanon+Jordan+Palestine, Egypt+Sudan, Iraq, Qatar+Saudi+Oman+Yemen",300,جاهل,Qatar+Saudi+Oman+Yemen,150,ضنى,Egypt+Sudan,50
721,daughter,fille,ٱِبْنَة,NOUN,بنت,"Syria+Lebanon+Jordan+Palestine, Morocco+Algeria, Egypt+Sudan, Iraq, Tunisia+Libya, Qatar+Saudi+Oman+Yemen",300,ابنة,Syria+Lebanon+Jordan+Palestine,150,ضنى,Egypt+Sudan,50
722,listen,écouter,ٱِسْتَمَع,VERB,سمع,"Syria+Lebanon+Jordan+Palestine, Morocco+Algeria, Egypt+Sudan, Iraq, Tunisia+Libya, Qatar+Saudi+Oman+Yemen",300,اتسمع,Qatar+Saudi+Oman+Yemen,150,تنصت,Syria+Lebanon+Jordan+Palestine,50
724,procedure,procédure,إِجْراء,NOUN,اجراء,"Syria+Lebanon+Jordan+Palestine, Egypt+Sudan, Iraq, Qatar+Saudi+Oman+Yemen, Morocco+Algeria, Tunisia+Libya",1300,ترتيب,Qatar+Saudi+Oman+Yemen,150,بروسيجر,Morocco+Algeria,0
725,diarrhea,diarrhée,إِسْهال,NOUN,اسهال,"Syria+Lebanon+Jordan+Palestine, Morocco+Algeria, Egypt+Sudan, Iraq, Tunisia+Libya, Qatar+Saudi+Oman+Yemen",1250,ليونة,Egypt+Sudan,150,جريان كرش,Tunisia+Libya,50
726,signal,feu,إِشارَة,NOUN,اشارة,"Syria+Lebanon+Jordan+Palestine, Morocco+Algeria, Egypt+Sudan, Iraq, Tunisia+Libya, Qatar+Saudi+Oman+Yemen",1250,لافتة,Syria+Lebanon+Jordan+Palestine,150,سيمافرو,Tunisia+Libya,50
728,tire,pneu,إِطار,NOUN,اطار,"Egypt+Sudan, Qatar+Saudi+Oman+Yemen",1250,كفر,Qatar+Saudi+Oman+Yemen,100,دولاب,Syria+Lebanon+Jordan+Palestine,50
729,cancellation,annulation,إِلْغاء,NOUN,الغاء,"Syria+Lebanon+Jordan+Palestine, Morocco+Algeria, Egypt+Sudan, Iraq, Tunisia+Libya, Qatar+Saudi+Oman+Yemen",1300,فسخ,"Egypt+Sudan, Syria+Lebanon+Jordan+Palestine, Qatar+Saudi+Oman+Yemen",150,تبطيل,Tunisia+Libya,50
731,flu,grippe,إِنْفلُوَنْزا,NOUN,انفلونزا,"Syria+Lebanon+Jordan+Palestine, Egypt+Sudan, Iraq, Tunisia+Libya, Qatar+Saudi+Oman+Yemen",1250,زكام,"Egypt+Sudan, Qatar+Saudi+Oman+Yemen",150,افلونزا,Iraq,0
734,telegram,télégramme,بَرْقِيَّة,NOUN,برقية,"Syria+Lebanon+Jordan+Palestine, Egypt+Sudan, Iraq, Tunisia+Libya, Qatar+Saudi+Oman+Yemen, Morocco+Algeria",1250,تلغراف,"Egypt+Sudan, Morocco+Algeria, Qatar+Saudi+Oman+Yemen",150,تلجرام,Morocco+Algeria,50
735,simple,simple,بَسِيط,ADJ,بسيط,"Syria+Lebanon+Jordan+Palestine, Egypt+Sudan, Iraq, Tunisia+Libya, Qatar+Saudi+Oman+Yemen",1300,ايزي,Qatar+Saudi+Oman+Yemen,150,بصيط,Morocco+Algeria,50
740,ski,ski,تَزَلُّج,NOUN,تزلج,"Syria+Lebanon+Jordan+Palestine, Iraq, Tunisia+Libya, Qatar+Saudi+Oman+Yemen, Egypt+Sudan",1250,اتزحلق,Tunisia+Libya,100,تزحلاق,Qatar+Saudi+Oman+Yemen,50
741,registration,enregistrement,تَسْجِيل,NOUN,تسجيل,"Syria+Lebanon+Jordan+Palestine, Morocco+Algeria, Egypt+Sudan, Iraq, Tunisia+Libya, Qatar+Saudi+Oman+Yemen",1300,ماركي,Morocco+Algeria,150,انتساب,Qatar+Saudi+Oman+Yemen,50
742,shopping,shopping,تَسَوُّق,NOUN,تسوق,"Syria+Lebanon+Jordan+Palestine, Egypt+Sudan, Iraq, Tunisia+Libya, Qatar+Saudi+Oman+Yemen",1300,شوبينغ,Syria+Lebanon+Jordan+Palestine,150,شوبين,Morocco+Algeria,50
744,cost,coûter,كَلَّف ، بَلَغَت تَكْلِفَة +هُ,PRON,كلف,"Syria+Lebanon+Jordan+Palestine, Egypt+Sudan, Iraq, Tunisia+Libya, Qatar+Saudi+Oman+Yemen",1250,تقام على,Morocco+Algeria,150,سقام,Morocco+Algeria,50
745,tv,télé,تِلْفِزيُون,NOUN,تلفزيون,"Syria+Lebanon+Jordan+Palestine, Morocco+Algeria, Egypt+Sudan, Iraq, Tunisia+Libya, Qatar+Saudi+Oman+Yemen",1300,تلفزة,"Morocco+Algeria, Tunisia+Libya",150,لاتيلي,Morocco+Algeria,0
746,ice,glace,ثَلْج,NOUN,ثلج,"Syria+Lebanon+Jordan+Palestine, Morocco+Algeria, Egypt+Sudan, Iraq, Tunisia+Libya, Qatar+Saudi+Oman+Yemen",1300,جليد,Syria+Lebanon+Jordan+Palestine,150,تلج,Morocco+Algeria,50
752,shrimp,crevette,جَمْبَرِيّ,NOUN,جمبري,"Syria+Lebanon+Jordan+Palestine, Morocco+Algeria, Egypt+Sudan, Tunisia+Libya, Qatar+Saudi+Oman+Yemen",1250,روبيان,"Iraq, Qatar+Saudi+Oman+Yemen",150,قريدس,Syria+Lebanon+Jordan+Palestine,50
757,bellboy,chasseur,خادِم,NOUN,خادم,"Syria+Lebanon+Jordan+Palestine, Morocco+Algeria, Iraq, Qatar+Saudi+Oman+Yemen",1300,حمال,Qatar+Saudi+Oman+Yemen,150,حمال الشنط,Syria+Lebanon+Jordan+Palestine,50
760,serious,grave,خَطِير,ADJ,خطير,"Syria+Lebanon+Jordan+Palestine, Morocco+Algeria, Egypt+Sudan, Iraq, Qatar+Saudi+Oman+Yemen, Tunisia+Libya",1300,رهيب,Egypt+Sudan,150,دونجي,Morocco+Algeria,50
763,invite,inviter,دَعا,VERB,دعا,"Egypt+Sudan, Syria+Lebanon+Jordan+Palestine, Qatar+Saudi+Oman+Yemen",1250,استدعى,Tunisia+Libya,150,انفيتا,Morocco+Algeria,0
764,passenger,passager,راكِب,NOUN,راكب,"Syria+Lebanon+Jordan+Palestine, Egypt+Sudan, Iraq, Tunisia+Libya, Qatar+Saudi+Oman+Yemen",1300,عبرية,Iraq,150,بساجي,Morocco+Algeria,0
765,bet,parier,راهَن,VERB,راهن,"Syria+Lebanon+Jordan+Palestine, Egypt+Sudan, Iraq, Tunisia+Libya, Qatar+Saudi+Oman+Yemen",1250,اتراهن,"Syria+Lebanon+Jordan+Palestine, Iraq, Qatar+Saudi+Oman+Yemen",150,اتشارط,Qatar+Saudi+Oman+Yemen,0
767,lobby,hall,رَدْهَة,NOUN,ردهة,"Iraq, Egypt+Sudan, Qatar+Saudi+Oman+Yemen",1100,بهو,"Morocco+Algeria, Tunisia+Libya, Qatar+Saudi+Oman+Yemen",150,برندة,Egypt+Sudan,50
772,button,bouton,زِرّ,NOUN,زر,"Syria+Lebanon+Jordan+Palestine, Morocco+Algeria, Qatar+Saudi+Oman+Yemen, Egypt+Sudan",1300,حبة,Qatar+Saudi+Oman+Yemen,150,بطمة,Tunisia+Libya,50
774,travel,voyager,سافَر,VERB,سافر,"Syria+Lebanon+Jordan+Palestine, Morocco+Algeria, Egypt+Sudan, Iraq, Tunisia+Libya, Qatar+Saudi+Oman+Yemen",1300,اغترب,Qatar+Saudi+Oman+Yemen,150,اتسوح,Syria+Lebanon+Jordan+Palestine,50
775,theft,vol,سَرِقَة,NOUN,سرقة,"Syria+Lebanon+Jordan+Palestine, Morocco+Algeria, Egypt+Sudan, Iraq, Tunisia+Libya, Qatar+Saudi+Oman+Yemen",1250,اختلاس,"Syria+Lebanon+Jordan+Palestine, Qatar+Saudi+Oman+Yemen",150,حوفة,Tunisia+Libya,50
776,happy,heureux,سَعِيد,ADJ,سعيد,"Egypt+Sudan, Syria+Lebanon+Jordan+Palestine, Iraq, Qatar+Saudi+Oman+Yemen",1300,فرحانة,Morocco+Algeria,150,متونس,Iraq,50
777,ship,bateau,سَفِينَة,NOUN,سفينة,"Syria+Lebanon+Jordan+Palestine, Egypt+Sudan, Iraq, Tunisia+Libya, Qatar+Saudi+Oman+Yemen",1250,بابور,"Morocco+Algeria, Tunisia+Libya",150,لنجة,Qatar+Saudi+Oman+Yemen,50
782,slice,tranche,شَرِيحَة,NOUN,شريحة,"Morocco+Algeria, Egypt+Sudan, Syria+Lebanon+Jordan+Palestine, Qatar+Saudi+Oman+Yemen",1250,وصلة,Iraq,150,حز,Syria+Lebanon+Jordan+Palestine,50
785,famous,célèbre,شَهِير,ADJ,شهير,Qatar+Saudi+Oman+Yemen,1150,مصيت,Syria+Lebanon+Jordan+Palestine,100,متصيت,Egypt+Sudan,0
786,interesting,intéressant,شَيِّق,ADJ,شيق,Qatar+Saudi+Oman+Yemen,1150,رهيب,Egypt+Sudan,150,لافت لالنظر,Qatar+Saudi+Oman+Yemen,50
788,TRUE,vrai,صَحِيح,ADJ,صحيح,"Syria+Lebanon+Jordan+Palestine, Morocco+Algeria, Egypt+Sudan, Iraq, Tunisia+Libya, Qatar+Saudi+Oman+Yemen",1300,بالحق,Tunisia+Libya,150,بالصاح,Morocco+Algeria,50
791,sauce,sauce,صَلْصَة,NOUN,صلصة,"Syria+Lebanon+Jordan+Palestine, Egypt+Sudan, Tunisia+Libya, Qatar+Saudi+Oman+Yemen",1250,صاص,Iraq,150,صلصل,Qatar+Saudi+Oman+Yemen,50
795,tight,serré,ضَيِّق,ADJ,ضيق,"Syria+Lebanon+Jordan+Palestine, Morocco+Algeria, Egypt+Sudan, Iraq, Tunisia+Libya, Qatar+Saudi+Oman+Yemen",1300,مشدود,Qatar+Saudi+Oman+Yemen,150,حازق,Qatar+Saudi+Oman+Yemen,50
796,emergency,les urgences,ال+ طَوَارِئ,NOUN,الطوارئ,"Iraq, Tunisia+Libya, Morocco+Algeria, Qatar+Saudi+Oman+Yemen",300,استعجالي,Tunisia+Libya,150,ارجنس,Morocco+Algeria,50
797,student,étudiant,طالِب,NOUN,طالب,"Syria+Lebanon+Jordan+Palestine, Morocco+Algeria, Egypt+Sudan, Iraq, Tunisia+Libya, Qatar+Saudi+Oman+Yemen",1300,اتيديون,Morocco+Algeria,100,تلميد,Morocco+Algeria,50
798,counter,comptoir,طاوِلَة,NOUN,طاولة,"Syria+Lebanon+Jordan+Palestine, Iraq, Tunisia+Libya, Qatar+Saudi+Oman+Yemen, Egypt+Sudan",1250,طربيزة,"Egypt+Sudan, Qatar+Saudi+Oman+Yemen",150,ترابيزة,Egypt+Sudan,50
803,regular,normal,عادِيّ,ADJ,عادي,"Morocco+Algeria, Egypt+Sudan, Syria+Lebanon+Jordan+Palestine, Iraq, Tunisia+Libya, Qatar+Saudi+Oman+Yemen",1300,منتظم,Qatar+Saudi+Oman+Yemen,150,روتيني,Syria+Lebanon+Jordan+Palestine,50
805,suffer,souffrir,عانَى,VERB,عانى,"Syria+Lebanon+Jordan+Palestine, Egypt+Sudan, Iraq, Tunisia+Libya, Qatar+Saudi+Oman+Yemen, Morocco+Algeria",1250,اتغلب,Syria+Lebanon+Jordan+Palestine,150,تعدب,Morocco+Algeria,50
809,vacation,vacance,عُطْلَة,NOUN,عطلة,"Syria+Lebanon+Jordan+Palestine, Morocco+Algeria, Iraq, Tunisia+Libya, Qatar+Saudi+Oman+Yemen",1250,فاكونس,Morocco+Algeria,150,صلاعة,Tunisia+Libya,0
810,sign,panneau,عَلامَة,NOUN,علامة,"Syria+Lebanon+Jordan+Palestine, Egypt+Sudan, Iraq, Tunisia+Libya, Qatar+Saudi+Oman+Yemen",1250,بلاكة,"Morocco+Algeria, Tunisia+Libya",150,ملصق,Qatar+Saudi+Oman+Yemen,50
811,customer,client,عَمِيل,NOUN,عميل,"Syria+Lebanon+Jordan+Palestine, Egypt+Sudan, Iraq, Qatar+Saudi+Oman+Yemen",1300,شاري,Tunisia+Libya,150,معميل,Iraq,0
814,cup,tasse,فِنْجان,NOUN,فنجان,"Syria+Lebanon+Jordan+Palestine, Morocco+Algeria, Egypt+Sudan, Iraq, Tunisia+Libya, Qatar+Saudi+Oman+Yemen",1300,كاسة,Qatar+Saudi+Oman+Yemen,150,جلاص,Qatar+Saudi+Oman+Yemen,50
815,towel,serviette,فُوطَة,NOUN,فوطة,"Syria+Lebanon+Jordan+Palestine, Egypt+Sudan, Qatar+Saudi+Oman+Yemen, Morocco+Algeria, Tunisia+Libya",1250,منديل,"Morocco+Algeria, Tunisia+Libya",150,منشف,Tunisia+Libya,50
818,appreciate,apprécier,قَدَّر,VERB,قدر,"Syria+Lebanon+Jordan+Palestine, Egypt+Sudan, Iraq, Tunisia+Libya, Qatar+Saudi+Oman+Yemen, Morocco+Algeria",1300,ساوم,Morocco+Algeria,150,عجبه,Tunisia+Libya,50
819,story,histoire,قِصَّة,NOUN,قصة,"Syria+Lebanon+Jordan+Palestine, Egypt+Sudan, Iraq, Tunisia+Libya, Qatar+Saudi+Oman+Yemen, Morocco+Algeria",1250,سيرة,Syria+Lebanon+Jordan+Palestine,150,حدوتة,Egypt+Sudan,50
820,short,court,قَصِير,ADJ,قصير,"Syria+Lebanon+Jordan+Palestine, Morocco+Algeria, Egypt+Sudan, Iraq, Tunisia+Libya, Qatar+Saudi+Oman+Yemen",1300,قزم,"Syria+Lebanon+Jordan+Palestine, Qatar+Saudi+Oman+Yemen",150,زمك,Syria+Lebanon+Jordan+Palestine,50
821,spend,passer,قَضَى,VERB,قضى,"Syria+Lebanon+Jordan+Palestine, Egypt+Sudan, Tunisia+Libya, Qatar+Saudi+Oman+Yemen",1250,جوز,Morocco+Algeria,150,بعزق,Syria+Lebanon+Jordan+Palestine,50
827,ball,balle,كُرَة,NOUN,كرة,"Syria+Lebanon+Jordan+Palestine, Iraq, Qatar+Saudi+Oman+Yemen, Morocco+Algeria",1250,بالون,Morocco+Algeria,150,فتبول,Syria+Lebanon+Jordan+Palestine,50
828,chair,chaise,كُرْسِيّ,NOUN,كرسي,"Syria+Lebanon+Jordan+Palestine, Morocco+Algeria, Egypt+Sudan, Iraq, Tunisia+Libya, Qatar+Saudi+Oman+Yemen",1300,شلية,Morocco+Algeria,100,ستكملي,Iraq,50
832,contact lens,lentille de contact,عَدَسَة لاصِقَة,NOUN,عدسة لاصقة,"Egypt+Sudan, Qatar+Saudi+Oman+Yemen",1150,لونتي,"Morocco+Algeria, Tunisia+Libya",150,كونتاكت,Egypt+Sudan,50
839,oyster,huître,مَحار,NOUN,محار,"Syria+Lebanon+Jordan+Palestine, Morocco+Algeria, Egypt+Sudan, Iraq, Qatar+Saudi+Oman+Yemen",1250,ام الخلول,Egypt+Sudan,100,كلوفيس,Tunisia+Libya,50
840,toilet,toilette,مِرْحاض,NOUN,مرحاض,"Egypt+Sudan, Syria+Lebanon+Jordan+Palestine, Qatar+Saudi+Oman+Yemen, Morocco+Algeria",1250,كنيف,"Tunisia+Libya, Morocco+Algeria",150,بالوعة,Qatar+Saudi+Oman+Yemen,50
841,pass,passer,مَرَّر,VERB,مرر,"Syria+Lebanon+Jordan+Palestine, Egypt+Sudan, Iraq, Tunisia+Libya, Qatar+Saudi+Oman+Yemen",1250,خطف,Qatar+Saudi+Oman+Yemen,150,دوز,Morocco+Algeria,50
842,track,voie,مَسار,NOUN,مسار,"Syria+Lebanon+Jordan+Palestine, Egypt+Sudan, Iraq, Qatar+Saudi+Oman+Yemen",1300,سكة,"Syria+Lebanon+Jordan+Palestine, Qatar+Saudi+Oman+Yemen, Egypt+Sudan",150,مخطف,Qatar+Saudi+Oman+Yemen,0
845,mustard,moutarde,مُسْطَرْدَه,NOUN,خردل,"Syria+Lebanon+Jordan+Palestine, Morocco+Algeria, Iraq, Tunisia+Libya, Qatar+Saudi+Oman+Yemen, Egypt+Sudan",250,مطرد,Morocco+Algeria,150,مسطردة,Egypt+Sudan,0
846,project,projet,مَشْرُوع,NOUN,مشروع,"Syria+Lebanon+Jordan+Palestine, Morocco+Algeria, Egypt+Sudan, Iraq, Tunisia+Libya, Qatar+Saudi+Oman+Yemen",1300,بروجي,Morocco+Algeria,100,شنكار,Qatar+Saudi+Oman+Yemen,50
847,pump,pompe,مِضَخَّة,NOUN,مضخة,"Syria+Lebanon+Jordan+Palestine, Egypt+Sudan, Iraq, Qatar+Saudi+Oman+Yemen",1250,بم,Iraq,100,منفاخ,Tunisia+Libya,50
851,iron,fer à repasser,مِكْواة,NOUN,مكوة,"Morocco+Algeria, Egypt+Sudan, Syria+Lebanon+Jordan+Palestine, Qatar+Saudi+Oman+Yemen",1250,حديدة,Tunisia+Libya,150,مصلوح,Morocco+Algeria,50
853,spoon,cuillère,مِلْعَقَة,NOUN,ملعقة,"Syria+Lebanon+Jordan+Palestine, Qatar+Saudi+Oman+Yemen, Egypt+Sudan",1150,مغرفة,Tunisia+Libya,150,خاشوقة,Iraq,50
854,excellent,excellent,مُمْتاز,ADJ,ممتاز,"Syria+Lebanon+Jordan+Palestine, Morocco+Algeria, Egypt+Sudan, Iraq, Tunisia+Libya, Qatar+Saudi+Oman+Yemen",1300,توب,Iraq,150,خارق العادة,Tunisia+Libya,50
855,actor,acteur,مُمَثِّل,NOUN,ممثل,"Syria+Lebanon+Jordan+Palestine, Morocco+Algeria, Egypt+Sudan, Iraq, Tunisia+Libya, Qatar+Saudi+Oman+Yemen",1300,ممتل,Morocco+Algeria,100,مشخصاتي,Syria+Lebanon+Jordan+Palestine,0
860,corner,coin,ناصِيَة,NOUN,ناصية,Egypt+Sudan,1050,حاشية,Tunisia+Libya,150,تركينة,Tunisia+Libya,50
862,plant,plante,نَبات,NOUN,نبات,"Syria+Lebanon+Jordan+Palestine, Egypt+Sudan, Iraq, Tunisia+Libya, Qatar+Saudi+Oman+Yemen",1250,شتلة,"Qatar+Saudi+Oman+Yemen, Tunisia+Libya",150,شجرة,Qatar+Saudi+Oman+Yemen,50
867,clean,propre,نَظِيف,ADJ,نظيف,"Syria+Lebanon+Jordan+Palestine, Iraq, Tunisia+Libya, Qatar+Saudi+Oman+Yemen, Egypt+Sudan",1300,ماشي موسخ,Morocco+Algeria,100,نضيف,Egypt+Sudan,50
872,waist,taille,وَسَط,NOUN,وسط,"Egypt+Sudan, Qatar+Saudi+Oman+Yemen, Tunisia+Libya",1250,حقو,Qatar+Saudi+Oman+Yemen,100,دورة كرش,Morocco+Algeria,50
874,matter,sujet,أَمْر,NOUN,امر,"Syria+Lebanon+Jordan+Palestine, Egypt+Sudan, Iraq, Tunisia+Libya, Morocco+Algeria, Qatar+Saudi+Oman+Yemen",1300,شأن,Qatar+Saudi+Oman+Yemen,150,سوجي,Morocco+Algeria,50
876,"mr. , sir",monsieur,سَيِّد,NOUN,سيد,"Syria+Lebanon+Jordan+Palestine, Morocco+Algeria, Egypt+Sudan, Iraq, Tunisia+Libya, Qatar+Saudi+Oman+Yemen",1300,عمو,Tunisia+Libya,150,فندم,Qatar+Saudi+Oman+Yemen,50
878,a little bit,un peu,ال+ قَلِيل,ADJ,شوية,"Syria+Lebanon+Jordan+Palestine, Morocco+Algeria, Iraq, Tunisia+Libya, Qatar+Saudi+Oman+Yemen, Egypt+Sudan",250,جليل,Iraq,150,طشة,Qatar+Saudi+Oman+Yemen,50
880,"many , a lot",beaucoup,كَثِيراً,ADJ,كثير,"Egypt+Sudan, Syria+Lebanon+Jordan+Palestine, Qatar+Saudi+Oman+Yemen",1250,كتير,Syria+Lebanon+Jordan+Palestine,150,كمية كبيرة,Qatar+Saudi+Oman+Yemen,50
881,"still , yet",encore,ما زال,VERB,ما زال,"Morocco+Algeria, Qatar+Saudi+Oman+Yemen, Tunisia+Libya",1200,لسع,"Qatar+Saudi+Oman+Yemen, Egypt+Sudan",150,ضله,Syria+Lebanon+Jordan+Palestine,50
882,leave,laisser,تَرَك,VERB,ترك,"Syria+Lebanon+Jordan+Palestine, Iraq, Qatar+Saudi+Oman+Yemen",1250,ورث,"Syria+Lebanon+Jordan+Palestine, Qatar+Saudi+Oman+Yemen",150,دشر,Syria+Lebanon+Jordan+Palestine,50
889,"may I ... ? , can I ... ?",puis -je ... ?,هَل يُمكِنُ +نِي أن ... ؟,PART ... ?,ممكن,"Iraq, Tunisia+Libya, Qatar+Saudi+Oman+Yemen, Egypt+Sudan",300,باقدر,"Syria+Lebanon+Jordan+Palestine, Egypt+Sudan",150,اسكه,Qatar+Saudi+Oman+Yemen,50
890,"might , may",peut-être,قَدْ ، رُبَّما,ADV,ممكن,"Egypt+Sudan, Syria+Lebanon+Jordan+Palestine, Iraq, Tunisia+Libya, Morocco+Algeria, Qatar+Saudi+Oman+Yemen",300,بالاك,Morocco+Algeria,150,بالكشي,Tunisia+Libya,0
891,"already , for sure","vraiment , certainement",قَدْ ، فِعْلاً,NOUN,فعلا,"Iraq, Qatar+Saudi+Oman+Yemen",1250,ديجا,"Morocco+Algeria, Tunisia+Libya",150,بالصاح,Morocco+Algeria,50
892,really,vraiment,حَقّاً,ADJ,صحيح,"Syria+Lebanon+Jordan+Palestine, Iraq, Tunisia+Libya, Qatar+Saudi+Oman+Yemen",300,بالله,Syria+Lebanon+Jordan+Palestine,150,بالرسمي,Tunisia+Libya,50
894,be afraid,avoir peur,خَشِي,VERB,خشي,Qatar+Saudi+Oman+Yemen,1100,ارتعب,"Syria+Lebanon+Jordan+Palestine, Qatar+Saudi+Oman+Yemen",150,اترعب,Egypt+Sudan,50
898,arrival,arrivée,وُصُول,NOUN,وصول,"Syria+Lebanon+Jordan+Palestine, Morocco+Algeria, Egypt+Sudan, Iraq, Qatar+Saudi+Oman+Yemen, Tunisia+Libya",1300,اريفي,Morocco+Algeria,150,مجية,Egypt+Sudan,0
900,"completely , perfectly ,","parfaitement , complètement",تَماماً,NOUN,تماما,"Syria+Lebanon+Jordan+Palestine, Iraq, Tunisia+Libya, Morocco+Algeria, Qatar+Saudi+Oman+Yemen",1300,كلش,Iraq,150,بالقدا,Tunisia+Libya,50
905,right away,immédiatement,حالاً,NOUN,حالا,"Egypt+Sudan, Iraq, Syria+Lebanon+Jordan+Palestine, Qatar+Saudi+Oman+Yemen",1300,بسرعة,"Iraq, Tunisia+Libya, Qatar+Saudi+Oman+Yemen",150,بالعجل,Iraq,50
906,soon,bientôt,قَرِيباً,ADJ,قريب,"Morocco+Algeria, Egypt+Sudan, Tunisia+Libya, Qatar+Saudi+Oman+Yemen",1300,بعد شوية,Qatar+Saudi+Oman+Yemen,150,عقة حصا,Qatar+Saudi+Oman+Yemen,50
907,stay,"séjourner , descendre à",أَقام,VERB,اقام,Qatar+Saudi+Oman+Yemen,1200,استراح,Qatar+Saudi+Oman+Yemen,150,قنبر,Qatar+Saudi+Oman+Yemen,50
910,severe,fort,شَدِيد,ADJ,شديد,"Egypt+Sudan, Syria+Lebanon+Jordan+Palestine, Tunisia+Libya, Qatar+Saudi+Oman+Yemen",1300,جامد,Egypt+Sudan,150,صعيب,Tunisia+Libya,50
913,"catch , hold",attraper,أَمْسَك,VERB,مسك,"Syria+Lebanon+Jordan+Palestine, Egypt+Sudan, Tunisia+Libya, Qatar+Saudi+Oman+Yemen",1300,قبض,"Egypt+Sudan, Qatar+Saudi+Oman+Yemen",150,زخ,Qatar+Saudi+Oman+Yemen,50
914,I caught a disease,J' ai attrappé une maladie,أََصابَ +نِي مَرَض,NOUN,مرضت,"Syria+Lebanon+Jordan+Palestine, Morocco+Algeria, Egypt+Sudan, Tunisia+Libya, Qatar+Saudi+Oman+Yemen",250,اجاني مرض,Syria+Lebanon+Jordan+Palestine,150,اتعديت,Egypt+Sudan,50
917,"suitable , appropriate , fit well","convenable , aller bien",مُناسِب,ADJ,مناسب,"Egypt+Sudan, Syria+Lebanon+Jordan+Palestine, Iraq, Tunisia+Libya, Qatar+Saudi+Oman+Yemen, Morocco+Algeria",1300,مقبول,Qatar+Saudi+Oman+Yemen,150,ملائم,Qatar+Saudi+Oman+Yemen,50
918,well,bien,جَيِّداً,ADJ,جيد,"Syria+Lebanon+Jordan+Palestine, Qatar+Saudi+Oman+Yemen",1250,مزيان,Morocco+Algeria,150,بالقدا,Tunisia+Libya,50
919,again,encore,مَرَّة أُخْرَى,ADJ,مرة اخرى,"Morocco+Algeria, Tunisia+Libya",1200,كمان,Qatar+Saudi+Oman+Yemen,150,كرة ثانية,Qatar+Saudi+Oman+Yemen,50
921,look,regarder,نَظَر,VERB,ناظر,Qatar+Saudi+Oman+Yemen,1200,بحلق,"Syria+Lebanon+Jordan+Palestine, Qatar+Saudi+Oman+Yemen",150,بهت,Tunisia+Libya,50
922,shape,forme,شَكْل,NOUN,شكل,"Syria+Lebanon+Jordan+Palestine, Morocco+Algeria, Egypt+Sudan, Iraq, Tunisia+Libya, Qatar+Saudi+Oman+Yemen",1300,كسم,"Syria+Lebanon+Jordan+Palestine, Egypt+Sudan",150,صيغة,Qatar+Saudi+Oman+Yemen,50
924,go straight,aller tout droit,سار لِ+ ال+ أَمام,NOUN,مشي لقدام,"Syria+Lebanon+Jordan+Palestine, Morocco+Algeria",250,مشى دغري,"Syria+Lebanon+Jordan+Palestine, Tunisia+Libya",150,مشى ستريت,Egypt+Sudan,50
930,wednesday,mercredi,ال+ أَرْبِعاء,NOUN,الاربعا,"Syria+Lebanon+Jordan+Palestine, Morocco+Algeria, Tunisia+Libya, Qatar+Saudi+Oman+Yemen, Egypt+Sudan",250,الربوع,Qatar+Saudi+Oman+Yemen,150,الاربحا,Tunisia+Libya,0
941,august,août,أَغُسْطُس,PROPN,اغسطس,"Egypt+Sudan, Tunisia+Libya, Qatar+Saudi+Oman+Yemen",1150,الشهر الثامن,Iraq,150,غشت,Morocco+Algeria,50
944,november,novembre,نُوفِمْبِر,PROPN,نوفمبر,"Morocco+Algeria, Egypt+Sudan, Tunisia+Libya, Qatar+Saudi+Oman+Yemen",1400,شهر اهدعش,Qatar+Saudi+Oman+Yemen,100,الهدعش,Iraq,50
946,purchase,achat,شِراء,NOUN,شرا,"Syria+Lebanon+Jordan+Palestine, Morocco+Algeria, Egypt+Sudan, Tunisia+Libya, Qatar+Saudi+Oman+Yemen",1300,مسواق,Iraq,100,تشري,Qatar+Saudi+Oman+Yemen,50
947,going,aller,ذَهاب,NOUN,ذهاب,"Morocco+Algeria, Syria+Lebanon+Jordan+Palestine",1200,مرواح,"Egypt+Sudan, Qatar+Saudi+Oman+Yemen",150,روحان,Syria+Lebanon+Jordan+Palestine,50
948,getting,obtenir,حُصُول,NOUN,حصل,"Iraq, Morocco+Algeria",1250,تتحصل,Morocco+Algeria,150,تحصيل,Tunisia+Libya,50
949,entering,entrer,دُخُول,NOUN,دخول,"Morocco+Algeria, Egypt+Sudan, Syria+Lebanon+Jordan+Palestine, Tunisia+Libya, Qatar+Saudi+Oman+Yemen",1300,فوتة,Syria+Lebanon+Jordan+Palestine,150,اونطري,Morocco+Algeria,50
950,calling,appeler,ٱِتِّصال,NOUN,اتصال,"Syria+Lebanon+Jordan+Palestine, Egypt+Sudan, Iraq, Qatar+Saudi+Oman+Yemen, Morocco+Algeria",300,ابال,"Morocco+Algeria, Tunisia+Libya",150,مجابرة بالتلفون,Qatar+Saudi+Oman+Yemen,50
952,seeing,voir,رُؤْيَة,NOUN,رؤية,"Syria+Lebanon+Jordan+Palestine, Egypt+Sudan, Iraq, Qatar+Saudi+Oman+Yemen",1250,طلة,Qatar+Saudi+Oman+Yemen,150,مطالع,Qatar+Saudi+Oman+Yemen,50
953,boarding,embarquement,رُكُوب,NOUN,ركوب,"Syria+Lebanon+Jordan+Palestine, Egypt+Sudan, Iraq, Tunisia+Libya, Qatar+Saudi+Oman+Yemen, Morocco+Algeria",1250,صعدة,Iraq,150,اومبركمون,Morocco+Algeria,0
954,sending,envoyer,إِرْسال,NOUN,ارسال,"Syria+Lebanon+Jordan+Palestine, Iraq, Tunisia+Libya, Qatar+Saudi+Oman+Yemen, Morocco+Algeria, Egypt+Sudan",1300,تودية,"Egypt+Sudan, Qatar+Saudi+Oman+Yemen",100,دز,Tunisia+Libya,50
955,of course,bien sûr,طَبْعاً,NOUN,طبعا,"Syria+Lebanon+Jordan+Palestine, Egypt+Sudan, Iraq, Tunisia+Libya, Qatar+Saudi+Oman+Yemen",1300,بالتأكيد,Morocco+Algeria,150,بالطبيعة,Tunisia+Libya,50
957,nice,gentil,لَطِيف,PROPN,لطيف,"Syria+Lebanon+Jordan+Palestine, Egypt+Sudan, Tunisia+Libya, Qatar+Saudi+Oman+Yemen",1300,جونتي,Morocco+Algeria,150,متخلق,Tunisia+Libya,50
958,same,le même,نَفْس,NOUN,نفس,"Syria+Lebanon+Jordan+Palestine, Morocco+Algeria, Egypt+Sudan, Iraq, Tunisia+Libya, Qatar+Saudi+Oman+Yemen",1300,ذات,Syria+Lebanon+Jordan+Palestine,150,سع,Qatar+Saudi+Oman+Yemen,50
959,later,plus tard,لاحِقاً,ADJ,بعدين,"Syria+Lebanon+Jordan+Palestine, Egypt+Sudan, Iraq, Tunisia+Libya, Qatar+Saudi+Oman+Yemen",300,بعد شوية,Tunisia+Libya,150,امبعد,Morocco+Algeria,50
960,suitcase,valise,حَقِيبَة سَفَر,NOUN,حقيبة سفر,Syria+Lebanon+Jordan+Palestine,1100,حقيبة,"Syria+Lebanon+Jordan+Palestine, Qatar+Saudi+Oman+Yemen",150,فليجة,Tunisia+Libya,0
961,far,loin,بَعِيد,ADJ,بعيد,"Syria+Lebanon+Jordan+Palestine, Morocco+Algeria, Egypt+Sudan, Iraq, Tunisia+Libya, Qatar+Saudi+Oman+Yemen",1300,مسافة,Qatar+Saudi+Oman+Yemen,150,فاحس,Qatar+Saudi+Oman+Yemen,50
962,sleep,dormir,نام,VERB,نام,"Syria+Lebanon+Jordan+Palestine, Egypt+Sudan, Iraq, Qatar+Saudi+Oman+Yemen",1300,انخمد,"Syria+Lebanon+Jordan+Palestine, Qatar+Saudi+Oman+Yemen",150,اتسدح,Qatar+Saudi+Oman+Yemen,50
966,down,vers le bas,إِلَى ال+ أَسْفَل,ADJ,تحت,"Tunisia+Libya, Qatar+Saudi+Oman+Yemen, Egypt+Sudan",250,لتحت,"Syria+Lebanon+Jordan+Palestine, Morocco+Algeria, Egypt+Sudan",150,لوطى,Tunisia+Libya,0
967,anything,ne importe quoi,أَيّ شَيْء,NOUN,اي شي,"Syria+Lebanon+Jordan+Palestine, Iraq, Qatar+Saudi+Oman+Yemen, Egypt+Sudan",1300,اللي يجي,Tunisia+Libya,150,حيالله,Syria+Lebanon+Jordan+Palestine,50
968,wrong,faux,خاطِئ,ADJ,خطأ,"Syria+Lebanon+Jordan+Palestine, Iraq, Qatar+Saudi+Oman+Yemen",1150,مغلوط,Qatar+Saudi+Oman+Yemen,150,مخطي,Qatar+Saudi+Oman+Yemen,50
969,miss,mademoiselle,آنِسَة,NOUN,آنسة,"Syria+Lebanon+Jordan+Palestine, Morocco+Algeria, Egypt+Sudan, Iraq, Qatar+Saudi+Oman+Yemen",1250,استاذة,Qatar+Saudi+Oman+Yemen,150,مزمزيل,Qatar+Saudi+Oman+Yemen,50
970,park,se garer,رَكَن,VERB,ركن,"Egypt+Sudan, Syria+Lebanon+Jordan+Palestine, Iraq, Qatar+Saudi+Oman+Yemen",1300,جرج,Egypt+Sudan,100,ستاسيونة,Morocco+Algeria,0
974,late,tard,مُتَأَخِّر,ADJ,متأخر,"Syria+Lebanon+Jordan+Palestine, Egypt+Sudan, Iraq, Tunisia+Libya, Qatar+Saudi+Oman+Yemen",1250,معطل,"Tunisia+Libya, Morocco+Algeria",150,روطار,Morocco+Algeria,50
975,"run out , end",se epuiser,نَفِد,VERB,خلص,"Syria+Lebanon+Jordan+Palestine, Egypt+Sudan, Iraq, Qatar+Saudi+Oman+Yemen",300,تسالا,Morocco+Algeria,150,تقاضا,Morocco+Algeria,0
977,bad,mauvais,سَيِّء,ADJ,سيئ,"Egypt+Sudan, Syria+Lebanon+Jordan+Palestine, Tunisia+Libya, Qatar+Saudi+Oman+Yemen",1300,خايب,"Morocco+Algeria, Qatar+Saudi+Oman+Yemen, Tunisia+Libya",150,محمم,Tunisia+Libya,50
978,certainly,certainement,بِ+ ال+ تَأْكِيد,NOUN,اكيد,"Syria+Lebanon+Jordan+Palestine, Egypt+Sudan, Iraq, Tunisia+Libya, Qatar+Saudi+Oman+Yemen",300,حتما,Iraq,100,معلوم,Morocco+Algeria,50
979,together,ensemble,سَوِيّاً,ADJ,سوى,"Syria+Lebanon+Jordan+Palestine, Morocco+Algeria, Egypt+Sudan, Qatar+Saudi+Oman+Yemen",1250,جماعة,Qatar+Saudi+Oman+Yemen,150,كاملين,Morocco+Algeria,50
980,carry,porter,حَمَل,VERB,حمل,"Syria+Lebanon+Jordan+Palestine, Morocco+Algeria, Qatar+Saudi+Oman+Yemen, Tunisia+Libya",1300,عتل,"Syria+Lebanon+Jordan+Palestine, Egypt+Sudan",150,بز,Qatar+Saudi+Oman+Yemen,50
981,enough,suffire,كَفَى,VERB,كافي,"Iraq, Morocco+Algeria, Qatar+Saudi+Oman+Yemen",1250,بركة,Morocco+Algeria,150,بيكفي,Syria+Lebanon+Jordan+Palestine,50
982,take care,prendre soin de,ٱِعْتَنَى,VERB,اعتنى,"Egypt+Sudan, Syria+Lebanon+Jordan+Palestine, Iraq, Qatar+Saudi+Oman+Yemen",250,اخذ باله,Qatar+Saudi+Oman+Yemen,150,تلهى,Tunisia+Libya,50
983,taxi stand,station de taxi,مَوْقِف أُجْرَة,NOUN,موقف,"Syria+Lebanon+Jordan+Palestine, Egypt+Sudan, Morocco+Algeria",250,موقف التكاسي,Qatar+Saudi+Oman+Yemen,150,محطة التكسيات,Tunisia+Libya,50
985,already,déjà,فِعْلاً,NOUN,فعلا,"Syria+Lebanon+Jordan+Palestine, Egypt+Sudan",1250,قد,Qatar+Saudi+Oman+Yemen,150,مسبق,Iraq,50
986,never,jamais,أَبَداً,NOUN,ابدا,"Syria+Lebanon+Jordan+Palestine, Iraq, Tunisia+Libya, Qatar+Saudi+Oman+Yemen, Egypt+Sudan",1300,كلش,Qatar+Saudi+Oman+Yemen,150,بالكل,Tunisia+Libya,50
987,pickpocket,pickpocket,نَشّال,NOUN,نشال,"Syria+Lebanon+Jordan+Palestine, Egypt+Sudan, Iraq, Tunisia+Libya, Qatar+Saudi+Oman+Yemen",1250,بايق,Qatar+Saudi+Oman+Yemen,150,لص,Qatar+Saudi+Oman+Yemen,50
988,walk,marcher,مَشَى,VERB,مشى,"Morocco+Algeria, Egypt+Sudan, Syria+Lebanon+Jordan+Palestine, Iraq, Tunisia+Libya, Qatar+Saudi+Oman+Yemen",1250,خطي,Qatar+Saudi+Oman+Yemen,150,كزدر,Syria+Lebanon+Jordan+Palestine,50
989,let 's go,allons-y,هَيّا بِ +نا,PRON,يالله,"Syria+Lebanon+Jordan+Palestine, Iraq, Tunisia+Libya, Morocco+Algeria, Qatar+Saudi+Oman+Yemen, Egypt+Sudan",300,ايا,Morocco+Algeria,150,هايا برة,Tunisia+Libya,50
990,note,billet,فِئَة,NOUN,فئة,"Egypt+Sudan, Syria+Lebanon+Jordan+Palestine, Iraq, Qatar+Saudi+Oman+Yemen",1250,تبعة,Syria+Lebanon+Jordan+Palestine,150,خمسات,Qatar+Saudi+Oman+Yemen,50
991,welcome,bienvenu,مَرْحَباً ، أَهْلاً,NOUN,اهلا,"Syria+Lebanon+Jordan+Palestine, Egypt+Sudan, Iraq, Tunisia+Libya, Morocco+Algeria, Qatar+Saudi+Oman+Yemen",1300,اهلين,"Syria+Lebanon+Jordan+Palestine, Tunisia+Libya",150,اهلين وسهلين,Syria+Lebanon+Jordan+Palestine,50
992,you are welcome,je vous en pris,عَفْواً,NOUN,عفوا,"Syria+Lebanon+Jordan+Palestine, Iraq, Tunisia+Libya, Qatar+Saudi+Oman+Yemen, Egypt+Sudan",1300,حاضرين,Qatar+Saudi+Oman+Yemen,150,اتدلل,Iraq,50
993,here he is,voici,ها هُوَ,PRON,ها هو,Tunisia+Libya,1150,هاذا هو,Syria+Lebanon+Jordan+Palestine,150,كهنة,Syria+Lebanon+Jordan+Palestine,50
994,here she is,voici,ها هِيَ,PRON,هاي هي,"Syria+Lebanon+Jordan+Palestine, Iraq",1200,هاذي هي,Syria+Lebanon+Jordan+Palestine,150,كهنة,Syria+Lebanon+Jordan+Palestine,50
996,think,penser,ظَنّ,VERB,ظن,"Syria+Lebanon+Jordan+Palestine, Egypt+Sudan, Iraq, Tunisia+Libya, Qatar+Saudi+Oman+Yemen",1300,خمم,"Tunisia+Libya, Morocco+Algeria",150,ضن,Morocco+Algeria,50
997,think,réfléchir,فَكَّر,VERB,فكر,"Syria+Lebanon+Jordan+Palestine, Egypt+Sudan, Iraq, Tunisia+Libya, Qatar+Saudi+Oman+Yemen, Morocco+Algeria",1300,خمم,"Morocco+Algeria, Tunisia+Libya",150,ضن,Morocco+Algeria,50
